symbol,technical_score,trend_score,momentum_score,sr_score,volume_score,price_vs_50ma,pct_above_50ma,price_vs_200ma,pct_above_200ma,ma_cross,trend_strength,momentum_20d_pct,trend_total,rsi_score,rsi_value,macd_score,macd_position,stochastic_score,stochastic_k,momentum_total,sr_high_score,dist_from_52w_high_pct,sr_low_score,dist_from_52w_low_pct,breakout_score,sr_total,volume_trend_score,volume_trend_pct,volume_spike_score,volume_spike_pct,volume_total,current_price,sma_50,sma_200,rsi
TDPOWERSYS,26.0,10.0,8,3.5,4.5,3,26.2,3,67.1,2,2.0,18.2,10.0,2,62.6,3,bullish,3,55.6,8,1.5,7.7,2.0,178.0,0,3.5,3,29.1,1.5,87.4,4.5,1256.3,995.61,751.66,62.6
MTARTECH,25.0,10.0,8,4.0,3.0,3,40.9,3,130.5,2,2.0,29.0,10.0,2,63.3,3,bullish,3,54.7,8,2.0,11.9,2.0,389.8,0,4.0,3,53.4,0.0,-12.2,3.0,6810.0,4832.23,2954.98,63.3
NLCINDIA,23.5,10.0,7,3.5,3.0,3,23.2,3,37.7,2,2.0,19.0,10.0,2,64.2,3,bullish,2,63.9,7,1.5,7.6,2.0,65.6,0,3.5,3,48.8,0.0,-11.4,3.0,358.35,290.94,260.32,64.2
STAR,23.5,10.0,5,3.5,5.0,3,15.1,3,26.9,2,2.0,15.1,10.0,0,78.9,3,bullish,2,63.8,5,1.5,6.3,2.0,75.6,0,3.5,3,29.7,2.0,208.3,5.0,1153.6,1002.29,908.85,78.9
STAR,23.5,10.0,5,3.5,5.0,3,15.1,3,26.9,2,2.0,15.1,10.0,0,78.9,3,bullish,2,63.8,5,1.5,6.3,2.0,75.6,0,3.5,3,29.7,2.0,208.3,5.0,1153.6,1002.29,908.85,78.9
WALCHANNAG,23.0,9.0,7,4.0,3.0,3,24.0,3,30.1,1,2.0,10.6,9.0,4,49.1,0,bearish,3,40.6,7,2.0,14.9,2.0,80.3,0,4.0,3,46.4,0.0,-49.0,3.0,236.49,190.69,181.81,49.1
HINDCOPPER,23.0,9.0,10,4.0,0.0,3,6.9,3,33.8,2,1.0,2.3,9.0,4,54.0,3,bullish,3,45.9,10,2.0,25.0,2.0,157.6,0,4.0,0,-25.5,0.0,-30.3,0.0,569.5,532.67,425.64,54.0
SCHNEIDER,22.5,10.0,7,3.5,2.0,3,17.8,3,43.5,2,2.0,12.0,10.0,4,54.6,0,bearish,3,41.6,7,1.5,9.1,2.0,117.7,0,3.5,2,19.8,0.0,-22.4,2.0,1244.7,1056.98,867.48,54.6
OIL,22.5,9.5,9,3.0,1.0,3,5.2,3,15.5,2,1.5,6.8,9.5,4,53.4,3,bullish,2,64.6,9,1.5,5.5,1.5,34.0,0,3.0,1,9.0,0.0,-76.0,1.0,501.7,477.1,434.54,53.4
OIL,22.5,9.5,9,3.0,1.0,3,5.2,3,15.5,2,1.5,6.8,9.5,4,53.4,3,bullish,2,64.6,9,1.5,5.5,1.5,34.0,0,3.0,1,9.0,0.0,-76.0,1.0,501.7,477.1,434.54,53.4
GRAPHITE,22.5,9.0,10,3.5,0.0,3,10.5,3,23.3,2,1.0,0.9,9.0,4,51.8,3,bullish,3,50.7,10,1.5,6.8,2.0,56.5,0,3.5,0,-8.1,0.0,-22.4,0.0,748.0,676.88,606.6,51.8
GESHIP,22.5,10.0,4,3.5,5.0,3,17.4,3,46.2,2,2.0,18.4,10.0,1,65.5,3,bullish,0,75.6,4,1.5,4.6,2.0,93.8,0,3.5,3,72.4,2.0,224.2,5.0,1715.9,1460.99,1174.0,65.5
WELCORP,22.5,10.0,6,3.5,3.0,3,23.5,3,43.9,2,2.0,12.4,10.0,4,52.4,0,bearish,2,33.9,6,1.5,7.0,2.0,80.4,0,3.5,3,35.9,0.0,-37.9,3.0,1280.7,1036.78,890.19,52.4
USHAMART,22.0,8.5,7,3.5,3.0,3,8.0,3,10.1,1,1.5,5.6,8.5,4,53.7,0,bearish,3,54.2,7,1.5,5.5,2.0,56.7,0,3.5,3,63.6,0.0,-75.5,3.0,469.95,435.07,426.77,53.7
VISAKAIND,21.5,7.0,7,3.5,4.0,3,15.4,2,2.5,0,2.0,13.0,7.0,2,63.2,2,bullish,3,51.7,7,2.0,25.0,1.5,46.6,0,3.5,2,15.3,2.0,157.5,4.0,73.61,63.8,71.8,63.2
CARBORUNIV,21.0,9.0,6,3.0,3.0,3,20.7,3,22.1,1,2.0,14.3,9.0,1,68.3,3,bullish,2,60.2,6,1.5,7.7,1.5,46.4,0,3.0,3,30.4,0.0,-52.0,3.0,1076.2,891.62,881.52,68.3
SPARC,21.0,9.0,3,4.0,5.0,3,29.5,3,30.9,1,2.0,25.2,9.0,0,70.0,3,bullish,0,80.8,3,2.0,12.0,2.0,66.5,0,4.0,3,62.3,2.0,645.0,5.0,179.77,138.84,137.33,70.0
GODREJIND,21.0,7.0,7,4.0,3.0,3,20.6,2,8.3,0,2.0,20.2,7.0,1,65.4,3,bullish,3,59.4,7,2.0,18.4,2.0,52.4,0,4.0,3,62.6,0.0,-79.7,3.0,1134.1,940.14,1047.6,65.4
THYROCARE,21.0,8.0,6,4.0,3.0,3,17.6,3,10.3,0,2.0,19.0,8.0,0,72.4,3,bullish,3,56.8,6,2.0,12.3,2.0,65.0,0,4.0,3,70.4,0.0,-30.6,3.0,470.65,400.18,426.76,72.4
THERMAX,21.0,9.5,5,3.5,3.0,3,17.7,3,34.6,2,1.5,9.0,9.5,2,64.9,0,bearish,3,51.6,5,1.5,9.5,2.0,61.0,0,3.5,3,26.8,0.0,-59.7,3.0,4416.6,3751.13,3280.73,64.9
RAIN,21.0,8.0,6,4.0,3.0,3,21.0,3,14.3,0,2.0,15.7,8.0,1,67.1,3,bullish,2,64.4,6,2.0,12.8,2.0,53.7,0,4.0,3,49.6,0.0,-73.6,3.0,153.51,126.82,134.27,67.1
RAIN,21.0,8.0,6,4.0,3.0,3,21.0,3,14.3,0,2.0,15.7,8.0,1,67.1,3,bullish,2,64.4,6,2.0,12.8,2.0,53.7,0,4.0,3,49.6,0.0,-73.6,3.0,153.51,126.82,134.27,67.1
CROMPTON,20.5,7.0,7,3.5,3.0,3,13.9,2,7.0,0,2.0,12.3,7.0,2,62.6,3,bullish,2,62.0,7,2.0,18.3,1.5,35.1,0,3.5,3,57.1,0.0,-56.8,3.0,293.6,257.69,274.5,62.6
TATACONSUM,20.5,6.0,9,2.5,3.0,3,8.0,2,6.7,0,1.0,2.7,6.0,3,59.0,3,bullish,3,51.2,9,1.5,5.6,1.0,20.2,0,2.5,3,34.7,0.0,-20.5,3.0,1210.9,1120.7,1134.94,59.0
HINDZINC,20.5,9.5,5,4.0,2.0,3,10.5,3,19.7,2,1.5,6.5,9.5,2,61.7,0,bearish,3,51.9,5,2.0,12.1,2.0,55.8,0,4.0,2,15.8,0.0,-54.6,2.0,632.6,572.54,528.49,61.7
KIRLOSENG,20.5,9.0,7,3.5,1.0,3,7.6,3,39.8,2,1.0,1.2,9.0,4,46.3,0,bearish,3,52.0,7,1.5,6.5,2.0,102.3,0,3.5,0,-2.4,1.0,46.2,1.0,1660.3,1542.81,1187.76,46.3
CROMPTON,20.5,7.0,7,3.5,3.0,3,13.9,2,7.0,0,2.0,12.3,7.0,2,62.6,3,bullish,2,62.0,7,2.0,18.3,1.5,35.1,0,3.5,3,57.1,0.0,-56.8,3.0,293.6,257.69,274.5,62.6
RESPONIND,20.0,4.5,8,2.5,5.0,3,6.9,0,-10.5,0,1.5,7.7,4.5,4,54.5,2,bullish,2,31.2,8,1.0,34.1,1.5,41.1,0,2.5,3,33.7,2.0,309.4,5.0,165.42,154.71,184.73,54.5
GNFC,20.0,8.0,3,4.0,5.0,3,21.5,3,13.5,0,2.0,11.8,8.0,0,72.9,3,bullish,0,93.0,3,1.5,1.5,1.5,49.6,1,4.0,3,45.7,2.0,749.1,5.0,545.95,449.52,481.19,72.9
SAREGAMA,20.0,7.0,8,2.0,3.0,3,14.9,2,0.2,0,2.0,14.6,7.0,2,63.8,3,bullish,3,57.6,8,1.0,33.9,1.0,28.4,0,2.0,3,129.0,0.0,-55.3,3.0,394.3,343.06,393.47,63.8
TNPL,20.0,6.5,6,3.0,4.5,3,6.7,2,2.4,0,1.5,7.1,6.5,4,46.0,0,bearish,2,34.5,6,2.0,19.9,1.0,23.4,0,3.0,3,45.5,1.5,60.6,4.5,149.96,140.55,146.4,46.0
INDUSTOWER,20.0,7.5,5,4.5,3.0,2,2.0,2,7.6,2,1.5,5.5,7.5,2,61.2,3,bullish,0,82.1,5,2.0,10.6,1.5,37.8,1,4.5,3,24.8,0.0,-23.5,3.0,430.7,422.27,400.46,61.2
FINCABLES,20.0,9.5,6,3.5,1.0,3,13.0,3,27.0,2,1.5,8.2,9.5,3,57.7,0,bearish,3,43.2,6,1.5,9.9,2.0,50.7,0,3.5,1,6.3,0.0,-31.9,1.0,1056.25,934.96,831.78,57.7
ZYDUSWELL,20.0,9.0,7,3.0,1.0,3,8.5,3,14.0,2,1.0,1.2,9.0,4,54.8,0,bearish,3,44.1,7,1.5,7.8,1.5,40.4,0,3.0,0,-84.3,1.0,26.2,1.0,509.1,469.21,446.76,54.8
PTC,20.0,10.0,5,3.0,2.0,3,13.8,3,21.7,2,2.0,11.1,10.0,4,52.3,0,bearish,1,28.9,5,1.5,9.7,1.5,40.9,0,3.0,2,18.7,0.0,-69.7,2.0,207.14,182.07,170.26,52.3
VTL,20.0,9.5,6,3.5,1.0,3,8.3,3,30.5,2,1.5,8.4,9.5,4,51.6,0,bearish,2,60.7,6,1.5,5.1,2.0,61.8,0,3.5,1,2.5,0.0,-35.4,1.0,613.7,566.67,470.12,51.6
TATACOMM,19.5,5.5,8,3.0,3.0,3,9.2,1,-1.4,0,1.5,8.0,5.5,3,57.3,3,bullish,2,62.6,8,2.0,17.8,1.0,24.5,0,3.0,3,36.6,0.0,-34.0,3.0,1646.6,1507.97,1670.79,57.3
SUNPHARMA,19.5,9.0,4,3.5,3.0,3,6.4,3,10.5,1,2.0,12.7,9.0,1,68.3,3,bullish,0,77.9,4,1.5,1.8,1.0,22.4,1,3.5,3,30.0,0.0,-59.0,3.0,1882.3,1769.21,1702.75,68.3
SBC,19.5,8.0,6,3.5,2.0,2,4.3,3,26.5,2,1.0,2.0,8.0,3,56.4,0,bearish,3,49.5,6,1.5,3.0,2.0,139.5,0,3.5,1,1.4,1.0,29.8,2.0,34.04,32.65,26.91,56.4
SUNPHARMA,19.5,9.0,4,3.5,3.0,3,6.4,3,10.5,1,2.0,12.7,9.0,1,68.3,3,bullish,0,77.9,4,1.5,1.8,1.0,22.4,1,3.5,3,30.0,0.0,-59.0,3.0,1882.3,1769.21,1702.75,68.3
LAURUSLABS,19.5,10.0,3,4.5,2.0,3,22.0,3,34.9,2,2.0,22.8,10.0,0,97.1,3,bullish,0,97.0,3,1.5,0.6,2.0,130.5,1,4.5,2,18.2,0.0,-21.7,2.0,1344.9,1102.14,996.96,97.1
TATACOMM,19.5,5.5,8,3.0,3.0,3,9.2,1,-1.4,0,1.5,8.0,5.5,3,57.3,3,bullish,2,62.6,8,2.0,17.8,1.0,24.5,0,3.0,3,36.6,0.0,-34.0,3.0,1646.6,1507.97,1670.79,57.3
NAZARA,19.0,6.5,6,3.5,3.0,3,15.3,2,9.1,0,1.5,8.6,6.5,1,69.7,3,bullish,2,66.5,6,2.0,18.8,1.5,36.7,0,3.5,3,46.8,0.0,-34.6,3.0,294.95,255.72,270.44,69.7
SUMICHEM,19.0,5.5,6,3.0,4.5,3,11.5,1,-1.7,0,1.5,5.5,5.5,3,58.3,0,bearish,3,53.7,6,2.0,29.5,1.0,29.3,0,3.0,3,27.6,1.5,61.9,4.5,468.9,420.46,476.79,58.3
ORIENTELEC,19.0,6.0,7,3.0,3.0,3,7.5,2,0.4,0,1.0,1.3,6.0,4,53.8,0,bearish,3,49.7,7,2.0,22.8,1.0,26.7,0,3.0,3,39.0,0.0,-57.8,3.0,188.88,175.63,188.14,53.8
ONGC,19.0,8.0,8,3.0,0.0,2,4.8,3,18.9,2,1.0,4.5,8.0,4,45.5,2,bullish,2,63.3,8,1.5,3.6,1.5,35.1,0,3.0,0,-18.4,0.0,-45.2,0.0,296.5,282.88,249.31,45.5
DRREDDY,19.0,6.5,7,2.5,3.0,2,4.5,2,6.0,1,1.5,9.7,6.5,4,51.2,3,bullish,0,91.5,7,1.5,3.0,1.0,16.3,0,2.5,3,32.1,0.0,-26.0,3.0,1335.2,1277.95,1260.11,51.2
HFCL,19.0,10.0,2,4.0,3.0,3,42.7,3,78.1,2,2.0,37.7,10.0,0,71.2,0,bearish,2,64.7,2,2.0,11.0,2.0,131.0,0,4.0,3,59.3,0.0,-43.2,3.0,138.17,96.86,77.57,71.2
VIJAYA,18.5,9.0,3,3.5,3.0,3,24.6,3,26.8,1,2.0,24.9,9.0,0,72.4,3,bullish,0,72.6,3,1.5,5.7,2.0,53.3,0,3.5,3,71.0,0.0,-44.2,3.0,1300.1,1043.77,1025.03,72.4
PRAJIND,18.5,8.0,6,3.5,1.0,3,9.2,3,10.5,1,1.0,0.8,8.0,3,41.9,0,bearish,3,44.4,6,2.0,27.3,1.5,41.4,0,3.5,1,0.2,0.0,-45.3,1.0,386.05,353.41,349.31,41.9
DHANUKA,18.5,6.0,5,2.5,5.0,3,16.0,1,-6.6,0,2.0,17.0,6.0,0,71.7,3,bullish,2,69.4,5,1.0,40.2,1.5,32.8,0,2.5,3,85.5,2.0,1523.4,5.0,1181.6,1018.77,1264.47,71.7
ADANIENT,18.5,8.0,3,3.5,4.0,3,24.6,3,19.2,0,2.0,20.5,8.0,0,71.2,3,bullish,0,83.5,3,1.5,2.8,2.0,55.4,0,3.5,3,20.2,1.0,32.3,4.0,2725.0,2187.39,2285.32,71.2
CGPOWER,18.5,8.0,5,3.5,2.0,3,7.8,3,15.8,2,0.0,-0.6,8.0,4,48.4,0,bearish,1,27.3,5,1.5,7.6,2.0,56.3,0,3.5,2,15.2,0.0,-48.0,2.0,819.4,759.87,707.42,48.4
CUMMINSIND,18.5,9.0,6,3.5,0.0,3,5.7,3,20.4,2,1.0,0.8,9.0,4,47.9,0,bearish,2,38.2,6,1.5,4.0,2.0,82.7,0,3.5,0,-42.8,0.0,-20.4,0.0,5254.0,4970.52,4362.1,47.9
IDEA,18.5,9.0,2,4.5,3.0,3,34.8,3,40.5,1,2.0,41.7,9.0,0,87.5,2,bullish,0,95.6,2,1.5,1.2,2.0,120.9,1,4.5,1,5.0,2.0,181.4,3.0,13.52,10.03,9.63,87.5
SPANDANA,18.5,7.0,5,3.5,3.0,3,12.7,2,3.4,0,2.0,11.2,7.0,2,64.0,0,bearish,3,47.5,5,2.0,15.9,1.5,42.0,0,3.5,3,65.7,0.0,-87.9,3.0,257.09,228.16,248.62,64.0
NAVINFLUOR,18.5,10.0,1,4.5,3.0,3,9.7,3,23.0,2,2.0,12.9,10.0,1,65.8,0,bearish,0,76.9,1,1.5,1.7,2.0,69.3,1,4.5,3,39.3,0.0,-34.8,3.0,7075.5,6451.79,5750.82,65.8
NRBBEARING,18.5,9.0,3,3.5,3.0,3,30.3,3,31.3,1,2.0,24.0,9.0,0,94.8,3,bullish,0,89.6,3,1.5,2.5,2.0,69.0,0,3.5,3,80.6,0.0,-7.5,3.0,356.7,273.71,271.72,94.8
HINDALCO,18.5,9.0,6,3.5,0.0,3,6.2,3,21.6,2,1.0,0.8,9.0,4,45.9,0,bearish,2,31.6,6,1.5,5.1,2.0,70.9,0,3.5,0,-29.5,0.0,-15.5,0.0,1048.3,986.64,861.92,45.9
PNBHOUSING,18.5,8.5,7,3.0,0.0,3,17.1,3,20.5,1,1.5,7.5,8.5,4,53.2,0,bearish,3,54.2,7,1.5,6.3,1.5,45.9,0,3.0,0,-15.7,0.0,-43.4,0.0,1064.5,909.36,883.64,53.2
MARKSANS,18.5,8.0,3,3.5,4.0,3,20.4,3,19.6,0,2.0,21.0,8.0,0,74.0,3,bullish,0,81.6,3,2.0,19.4,1.5,40.2,0,3.5,3,73.9,1.0,31.5,4.0,217.3,180.45,181.73,74.0
LALPATHLAB,18.0,8.0,3,4.0,3.0,3,19.3,3,13.8,0,2.0,16.8,8.0,0,74.1,3,bullish,0,95.5,3,1.5,3.3,1.5,33.9,1,4.0,3,58.4,0.0,-35.0,3.0,1703.7,1428.09,1497.55,74.1
GRINDWELL,18.0,8.0,3,4.0,3.0,3,20.1,3,18.4,0,2.0,16.5,8.0,0,80.5,3,bullish,0,90.8,3,1.5,1.7,1.5,41.3,1,4.0,3,74.0,0.0,-33.0,3.0,1877.9,1563.16,1586.41,80.5
LALPATHLAB,18.0,8.0,3,4.0,3.0,3,19.3,3,13.8,0,2.0,16.8,8.0,0,74.1,3,bullish,0,95.5,3,1.5,3.3,1.5,33.9,1,4.0,3,58.4,0.0,-35.0,3.0,1703.7,1428.09,1497.55,74.1
DEEPAKNTR,18.0,6.5,4,3.5,4.0,3,15.1,2,8.0,0,1.5,9.8,6.5,1,65.6,0,bearish,3,57.7,4,2.0,16.6,1.5,41.1,0,3.5,3,21.3,1.0,39.4,4.0,1805.8,1569.46,1672.25,65.6
GLENMARK,18.0,9.5,4,3.5,1.0,3,7.3,3,17.7,2,1.5,7.4,9.5,4,49.0,0,bearish,0,76.4,4,1.5,2.8,2.0,76.0,0,3.5,1,8.9,0.0,14.2,1.0,2405.9,2242.01,2044.21,49.0
GLENMARK,18.0,9.5,4,3.5,1.0,3,7.3,3,17.7,2,1.5,7.4,9.5,4,49.0,0,bearish,0,76.4,4,1.5,2.8,2.0,76.0,0,3.5,1,8.9,0.0,14.2,1.0,2405.9,2242.01,2044.21,49.0
DEEPAKNTR,18.0,6.5,4,3.5,4.0,3,15.1,2,8.0,0,1.5,9.8,6.5,1,65.6,0,bearish,3,57.7,4,2.0,16.6,1.5,41.1,0,3.5,3,21.3,1.0,39.4,4.0,1805.8,1569.46,1672.25,65.6
SOLARINDS,18.0,10.0,3,3.5,1.5,3,23.0,3,30.4,2,2.0,18.6,10.0,0,81.8,3,bullish,0,88.6,3,1.5,2.1,2.0,55.6,0,3.5,0,-1.0,1.5,61.4,1.5,18116.0,14727.98,13892.77,81.8
KEI,18.0,9.0,5,3.0,1.0,3,9.6,3,18.3,2,1.0,3.5,9.0,3,57.3,0,bearish,2,68.7,5,1.5,4.2,1.5,49.2,0,3.0,1,2.4,0.0,-34.3,1.0,5082.4,4635.65,4295.46,57.3
AJANTPHARM,18.0,10.0,3,3.0,2.0,3,11.3,3,20.2,2,2.0,16.9,10.0,0,80.1,3,bullish,0,87.3,3,1.5,2.0,1.5,41.0,0,3.0,2,13.6,0.0,11.0,2.0,3248.2,2919.14,2702.83,80.1
SUPRIYA,18.0,6.5,3,3.5,5.0,3,13.0,2,4.0,0,1.5,9.8,6.5,3,58.1,0,bearish,0,78.1,3,2.0,13.4,1.5,32.1,0,3.5,3,25.1,2.0,142.0,5.0,720.6,637.83,693.04,58.1
SOMANYCERA,18.0,8.0,1,4.0,5.0,3,20.9,3,15.6,0,2.0,13.8,8.0,1,66.2,0,bearish,0,77.7,1,2.0,18.3,2.0,52.5,0,4.0,3,88.0,2.0,1024.4,5.0,502.1,415.36,434.45,66.2
BSE,18.0,10.0,3,3.5,1.5,3,26.5,3,52.1,2,2.0,19.8,10.0,0,81.8,3,bullish,0,85.2,3,1.5,2.5,2.0,107.3,0,3.5,0,-13.4,1.5,84.9,1.5,4190.8,3314.04,2755.6,81.8
BSE,18.0,10.0,3,3.5,1.5,3,26.5,3,52.1,2,2.0,19.8,10.0,0,81.8,3,bullish,0,85.2,3,1.5,2.5,2.0,107.3,0,3.5,0,-13.4,1.5,84.9,1.5,4190.8,3314.04,2755.6,81.8
INDIAGLYCO,18.0,7.0,5,3.0,3.0,3,5.4,2,6.4,1,1.0,2.2,7.0,4,45.7,0,bearish,1,15.8,5,2.0,17.6,1.0,27.1,0,3.0,3,28.6,0.0,-69.0,3.0,998.2,947.44,937.86,45.7
SFL,18.0,5.0,7,3.0,3.0,3,10.8,1,-3.3,0,1.0,3.9,5.0,1,66.7,3,bullish,3,55.4,7,2.0,23.8,1.0,28.4,0,3.0,3,71.3,0.0,-34.8,3.0,586.55,529.51,606.28,66.7
KEI,18.0,9.0,5,3.0,1.0,3,9.6,3,18.3,2,1.0,3.5,9.0,3,57.3,0,bearish,2,68.7,5,1.5,4.2,1.5,49.2,0,3.0,1,2.4,0.0,-34.3,1.0,5082.4,4635.65,4295.46,57.3
GSPL,18.0,4.0,6,3.0,5.0,1,-0.3,1,-9.3,0,2.0,13.2,4.0,3,40.7,2,bullish,1,25.4,6,2.0,24.3,1.0,18.6,0,3.0,3,54.3,2.0,194.7,5.0,268.35,269.29,295.83,40.7
VISHNU,18.0,8.0,6,3.0,1.0,3,9.5,3,16.3,2,0.0,-0.2,8.0,3,57.4,0,bearish,3,48.6,6,1.5,5.2,1.5,34.8,0,3.0,0,-7.9,1.0,35.1,1.0,598.1,546.16,514.36,57.4
SHREEPUSHK,18.0,6.5,5,3.5,3.0,3,7.6,2,1.0,0,1.5,9.9,6.5,4,45.9,0,bearish,1,21.2,5,2.0,22.3,1.5,35.7,0,3.5,3,111.5,0.0,-73.8,3.0,369.8,343.83,366.21,45.9
FEDERALBNK,17.5,7.0,7,3.5,0.0,2,2.0,3,15.1,2,0.0,-3.3,7.0,4,52.6,0,bearish,3,44.5,7,1.5,5.1,2.0,55.8,0,3.5,0,-8.8,0.0,-13.7,0.0,286.6,280.88,249.0,52.6
NAM-INDIA,17.5,9.0,3,3.5,2.0,3,14.0,3,22.3,2,1.0,2.1,9.0,3,60.0,0,bearish,0,73.2,3,1.5,3.2,2.0,55.5,0,3.5,2,12.9,0.0,-4.5,2.0,1082.2,949.12,884.56,60.0
WOCKPHARMA,17.5,8.0,3,3.5,3.0,3,18.2,3,15.4,0,2.0,11.7,8.0,1,68.8,0,bearish,2,60.2,3,2.0,13.3,1.5,49.1,0,3.5,3,86.1,0.0,-51.9,3.0,1620.2,1370.84,1403.93,68.8
AUROPHARMA,17.5,9.5,3,4.0,1.0,3,10.5,3,26.2,2,1.5,6.4,9.5,0,80.2,3,bullish,0,89.4,3,1.5,1.1,1.5,48.9,1,4.0,0,-17.0,1.0,23.9,1.0,1512.8,1368.59,1199.09,80.2
AUROPHARMA,17.5,9.5,3,4.0,1.0,3,10.5,3,26.2,2,1.5,6.4,9.5,0,80.2,3,bullish,0,89.4,3,1.5,1.1,1.5,48.9,1,4.0,0,-17.0,1.0,23.9,1.0,1512.8,1368.59,1199.09,80.2
EASEMYTRIP,17.5,6.0,9,2.5,0.0,3,7.1,2,1.5,0,1.0,1.8,6.0,4,51.2,2,bullish,3,58.6,9,1.0,36.2,1.5,38.1,0,2.5,0,-26.3,0.0,10.1,0.0,7.97,7.44,7.85,51.2
ABCAPITAL,17.5,7.0,6,3.5,1.0,3,5.4,2,8.4,1,1.0,0.1,7.0,4,51.7,0,bearish,2,32.2,6,1.5,6.6,2.0,64.8,0,3.5,1,9.7,0.0,-40.1,1.0,351.2,333.16,324.11,51.7
OFSS,17.5,8.0,3,3.5,3.0,3,24.9,3,23.2,0,2.0,22.1,8.0,3,57.7,0,bearish,0,73.9,3,1.5,3.5,2.0,59.2,0,3.5,3,54.5,0.0,-0.3,3.0,9646.0,7724.92,7830.33,57.7
OFSS,17.5,8.0,3,3.5,3.0,3,24.9,3,23.2,0,2.0,22.1,8.0,3,57.7,0,bearish,0,73.9,3,1.5,3.5,2.0,59.2,0,3.5,3,54.5,0.0,-0.3,3.0,9646.0,7724.92,7830.33,57.7
ABCAPITAL,17.5,7.0,6,3.5,1.0,3,5.4,2,8.4,1,1.0,0.1,7.0,4,51.7,0,bearish,2,32.2,6,1.5,6.6,2.0,64.8,0,3.5,1,9.7,0.0,-40.1,1.0,351.2,333.16,324.11,51.7
MCX,17.5,10.0,3,4.5,0.0,3,23.3,3,58.3,2,2.0,22.7,10.0,0,80.5,3,bullish,0,94.4,3,1.5,0.9,2.0,174.1,1,4.5,0,-18.2,0.0,-2.0,0.0,3414.7,2769.06,2157.48,80.5
ASTERDM,17.5,9.5,2,3.0,3.0,3,8.9,3,16.7,2,1.5,9.4,9.5,0,71.7,2,bullish,0,75.1,2,1.5,2.7,1.5,44.9,0,3.0,3,35.5,0.0,-77.1,3.0,748.9,687.99,641.7,71.7
JBCHEPHARM,17.5,9.5,5,3.0,0.0,3,5.2,3,17.4,2,1.5,9.8,9.5,2,63.6,3,bullish,0,72.8,5,1.5,2.4,1.5,36.9,0,3.0,0,-15.0,0.0,-33.0,0.0,2171.6,2063.77,1850.15,63.6
INDIACEM,17.5,5.0,6,3.5,3.0,3,5.4,2,0.8,0,0.0,-3.9,5.0,4,53.4,0,bearish,2,67.7,6,2.0,16.3,1.5,36.9,0,3.5,3,115.3,0.0,-92.6,3.0,406.65,385.74,403.5,53.4
GRANULES,17.5,10.0,0,4.5,3.0,3,17.1,3,33.4,2,2.0,13.9,10.0,0,72.8,0,bearish,0,91.9,0,1.5,0.9,2.0,77.2,1,4.5,3,22.6,0.0,17.7,3.0,766.45,654.59,574.44,72.8
FSL,17.5,4.5,8,2.0,3.0,3,7.6,0,-19.4,0,1.5,7.9,4.5,2,61.0,3,bullish,3,42.8,8,1.0,38.7,1.0,19.8,0,2.0,3,48.8,0.0,-22.4,3.0,242.06,224.95,300.27,61.0
JKPAPER,17.5,6.5,2,4.0,5.0,3,11.8,2,8.8,0,1.5,9.7,6.5,2,64.8,0,bearish,0,87.0,2,2.0,11.0,1.0,29.9,1,4.0,3,43.4,2.0,484.6,5.0,395.85,354.18,363.93,64.8
SASKEN,17.5,8.0,3,3.5,3.0,3,41.6,3,35.3,0,2.0,40.4,8.0,0,80.4,3,bullish,0,79.7,3,1.5,6.9,2.0,84.0,0,3.5,3,125.8,0.0,-50.8,3.0,1823.4,1287.46,1347.41,80.4
INDIACEM,17.5,5.0,6,3.5,3.0,3,5.4,2,0.8,0,0.0,-3.9,5.0,4,53.4,0,bearish,2,67.7,6,2.0,16.3,1.5,36.9,0,3.5,3,115.3,0.0,-92.6,3.0,406.65,385.74,403.5,53.4
CAPLIPOINT,17.5,7.0,3,4.5,3.0,3,18.7,2,7.2,0,2.0,16.5,7.0,0,78.8,3,bullish,0,94.3,3,2.0,14.9,1.5,35.9,1,4.5,3,54.6,0.0,-8.2,3.0,2038.2,1717.81,1901.9,78.8
GRANULES,17.5,10.0,0,4.5,3.0,3,17.1,3,33.4,2,2.0,13.9,10.0,0,72.8,0,bearish,0,91.9,0,1.5,0.9,2.0,77.2,1,4.5,3,22.6,0.0,17.7,3.0,766.45,654.59,574.44,72.8
NATCOPHARM,17.5,9.5,5,3.0,0.0,3,6.1,3,23.3,2,1.5,5.6,9.5,3,57.4,0,bearish,2,31.4,5,1.5,7.8,1.5,43.8,0,3.0,0,-26.3,0.0,-10.6,0.0,1130.9,1065.89,917.22,57.4
VAIBHAVGBL,17.0,5.0,7,3.0,2.0,3,5.4,1,-1.4,0,1.0,1.2,5.0,4,53.1,0,bearish,3,58.8,7,2.0,22.8,1.0,28.5,0,3.0,0,-28.4,2.0,127.3,2.0,223.79,212.29,227.02,53.1
SHOPERSTOP,17.0,5.0,7,2.0,3.0,3,10.5,0,-19.3,0,2.0,11.6,5.0,1,67.0,3,bullish,3,60.0,7,1.0,42.5,1.0,22.6,0,2.0,3,67.7,0.0,-80.6,3.0,338.35,306.28,419.36,67.0
RPSGVENT,17.0,8.0,5,4.0,0.0,3,10.7,3,14.5,1,1.0,2.8,8.0,3,58.8,0,bearish,2,36.6,5,2.0,21.1,2.0,68.6,0,4.0,0,-90.4,0.0,-71.3,0.0,930.45,840.67,812.82,58.8
PIIND,17.0,4.0,9,3.0,1.0,2,4.6,1,-6.9,0,1.0,2.2,4.0,4,53.7,3,bullish,2,65.8,9,2.0,27.5,1.0,15.7,0,3.0,0,-3.6,1.0,43.6,1.0,3124.6,2988.09,3357.26,53.7
BAJAJ-AUTO,17.0,8.5,5,2.5,1.0,3,6.1,3,10.7,1,1.5,6.3,8.5,2,64.8,0,bearish,3,59.4,5,1.5,5.4,1.0,29.9,0,2.5,1,2.1,0.0,-62.9,1.0,10205.0,9613.84,9217.77,64.8
COFORGE,17.0,6.0,3,3.5,4.5,3,16.7,1,-9.9,0,2.0,14.3,6.0,0,70.2,3,bullish,0,88.3,3,2.0,28.9,1.5,40.1,0,3.5,3,23.2,1.5,69.0,4.5,1412.0,1210.07,1567.7,70.2
NMDC,17.0,9.0,5,3.0,0.0,3,5.3,3,15.3,2,1.0,0.5,9.0,3,42.7,0,bearish,2,33.5,5,1.5,5.5,1.5,39.2,0,3.0,0,-10.1,0.0,-35.6,0.0,89.02,84.52,77.2,42.7
COFORGE,17.0,6.0,3,3.5,4.5,3,16.7,1,-9.9,0,2.0,14.3,6.0,0,70.2,3,bullish,0,88.3,3,2.0,28.9,1.5,40.1,0,3.5,3,23.2,1.5,69.0,4.5,1412.0,1210.07,1567.7,70.2
NMDC,17.0,9.0,5,3.0,0.0,3,5.3,3,15.3,2,1.0,0.5,9.0,3,42.7,0,bearish,2,33.5,5,1.5,5.5,1.5,39.2,0,3.0,0,-10.1,0.0,-35.6,0.0,89.02,84.52,77.2,42.7
ZYDUSLIFE,17.0,6.5,3,2.5,5.0,3,11.1,2,8.1,0,1.5,9.6,6.5,0,72.5,3,bullish,0,81.5,3,1.5,3.8,1.0,22.0,0,2.5,3,48.1,2.0,342.6,5.0,1018.9,917.44,942.64,72.5
ZYDUSLIFE,17.0,6.5,3,2.5,5.0,3,11.1,2,8.1,0,1.5,9.6,6.5,0,72.5,3,bullish,0,81.5,3,1.5,3.8,1.0,22.0,0,2.5,3,48.1,2.0,342.6,5.0,1018.9,917.44,942.64,72.5
TRITURBINE,17.0,8.0,4,3.0,2.0,3,24.1,3,22.8,0,2.0,11.8,8.0,1,66.3,3,bullish,0,84.5,4,1.5,4.7,1.5,49.0,0,3.0,0,-21.5,2.0,1003.2,2.0,638.05,514.01,519.4,66.3
IIFL,17.0,3.0,9,2.0,3.0,2,0.5,1,-8.0,0,0.0,-1.5,3.0,3,56.1,3,bullish,3,41.7,9,1.0,31.2,1.0,15.8,0,2.0,3,84.3,0.0,-81.3,3.0,460.8,458.67,501.01,56.1
MOTHERSON,17.0,8.0,4,4.0,1.0,3,9.3,3,16.5,2,0.0,-0.2,8.0,2,62.6,2,bullish,0,91.1,4,1.5,3.1,1.5,47.0,1,4.0,0,-16.7,1.0,35.1,1.0,131.49,120.27,112.83,62.6
TORNTPHARM,16.5,8.5,5,3.0,0.0,2,4.9,3,14.9,2,1.5,9.2,8.5,2,64.5,3,bullish,0,76.8,5,1.5,2.1,1.5,45.0,0,3.0,0,-18.8,0.0,9.3,0.0,4460.1,4252.39,3880.17,64.5
BAJAJCON,16.5,10.0,3,3.5,0.0,3,23.5,3,68.3,2,2.0,12.2,10.0,1,67.0,0,bearish,2,69.9,3,1.5,6.0,2.0,213.1,0,3.5,0,-12.6,0.0,-64.2,0.0,526.75,426.58,312.96,67.0
SOLARA,16.5,7.0,3,3.5,3.0,3,20.9,2,5.5,0,2.0,19.2,7.0,0,71.9,3,bullish,0,86.0,3,2.0,20.7,1.5,38.1,0,3.5,3,82.7,0.0,-14.3,3.0,582.65,481.74,552.48,71.9
RAYMOND,16.5,7.0,2,3.0,4.5,3,25.5,2,6.2,0,2.0,14.2,7.0,2,61.8,0,bearish,0,78.4,2,1.0,33.7,2.0,62.5,0,3.0,3,58.5,1.5,65.7,4.5,520.05,414.44,489.51,61.8
STLTECH,16.5,10.0,3,3.5,0.0,3,54.9,3,161.8,2,2.0,37.8,10.0,0,82.6,3,bullish,0,77.7,3,1.5,7.8,2.0,493.5,0,3.5,0,-21.3,0.0,-51.6,0.0,400.9,258.77,153.16,82.6
PIDILITIND,16.5,5.0,7,2.5,2.0,3,5.5,1,-0.4,0,1.0,2.6,5.0,2,62.1,3,bullish,2,64.6,7,1.5,7.6,1.0,15.6,0,2.5,2,12.4,0.0,-42.9,2.0,1455.8,1380.05,1462.23,62.1
SHILPAMED,16.5,10.0,3,3.5,0.0,3,21.0,3,28.4,2,2.0,15.7,10.0,0,77.3,3,bullish,0,77.5,3,1.5,5.4,2.0,82.1,0,3.5,0,-10.8,0.0,-21.9,0.0,472.45,390.48,367.82,77.3
AARTIIND,16.5,7.0,3,3.5,3.0,2,4.9,3,16.3,2,0.0,-0.2,7.0,1,32.5,0,bearish,2,34.7,3,2.0,10.3,1.5,38.8,0,3.5,3,20.8,0.0,-70.5,3.0,469.25,447.45,403.43,32.5
POLYCAB,16.5,9.0,3,4.5,0.0,3,15.6,3,21.3,1,2.0,14.0,9.0,0,81.1,3,bullish,0,90.1,3,1.5,1.4,2.0,60.0,1,4.5,0,-5.8,0.0,-31.4,0.0,9162.5,7924.71,7553.16,81.1
PIDILITIND,16.5,5.0,7,2.5,2.0,3,5.5,1,-0.4,0,1.0,2.6,5.0,2,62.1,3,bullish,2,64.6,7,1.5,7.6,1.0,15.6,0,2.5,2,12.4,0.0,-42.9,2.0,1455.8,1380.05,1462.23,62.1
STEELXIND,16.5,6.0,4,3.5,3.0,3,13.6,3,11.6,0,0.0,-2.1,6.0,4,52.2,0,bearish,0,72.3,4,2.0,11.7,1.5,45.7,0,3.5,3,24.0,0.0,-67.0,3.0,10.2,8.98,9.14,52.2
MOLDTKPAC,16.5,7.0,3,3.5,3.0,3,22.4,2,5.5,0,2.0,13.7,7.0,0,78.0,3,bullish,0,78.4,3,2.0,23.2,1.5,47.1,0,3.5,3,72.5,0.0,-6.0,3.0,681.8,556.84,646.49,78.0
CHAMBLFERT,16.0,4.0,7,3.0,2.0,2,2.8,1,-3.9,0,1.0,0.2,4.0,4,51.4,3,bullish,0,80.1,7,2.0,26.9,0.0,13.4,1,3.0,2,16.9,0.0,-20.8,2.0,453.25,440.74,471.49,51.4
LUXIND,16.0,7.0,5,4.0,0.0,3,12.6,3,16.8,1,0.0,-12.8,7.0,3,42.3,0,bearish,2,30.1,5,2.0,24.1,2.0,68.0,0,4.0,0,-43.3,0.0,-62.6,0.0,1384.8,1229.66,1185.62,42.3
GREAVESCOT,16.0,5.5,7,2.5,1.0,3,12.0,1,-8.0,0,1.5,5.4,5.5,4,52.6,0,bearish,3,58.9,7,1.0,30.4,1.5,41.8,0,2.5,0,-0.0,1.0,29.2,1.0,170.1,151.91,184.83,52.6
IMFA,16.0,7.0,2,4.0,3.0,2,3.4,3,16.8,2,0.0,-6.3,7.0,1,30.2,0,bearish,1,15.3,2,2.0,15.2,2.0,135.5,0,4.0,3,31.1,0.0,-52.9,3.0,1423.8,1376.5,1218.86,30.2
PSPPROJECT,16.0,5.5,5,3.5,2.0,3,8.6,1,-1.2,0,1.5,5.5,5.5,4,53.4,0,bearish,1,22.7,5,2.0,24.9,1.5,35.8,0,3.5,2,10.4,0.0,-50.8,2.0,773.0,712.06,782.69,53.4
CREDITACC,16.0,5.0,5,3.0,3.0,2,4.4,2,0.2,0,1.0,3.9,5.0,4,52.0,0,bearish,1,11.0,5,2.0,16.5,1.0,20.9,0,3.0,3,61.7,0.0,-89.7,3.0,1310.0,1255.39,1307.91,52.0
CREDITACC,16.0,5.0,5,3.0,3.0,2,4.4,2,0.2,0,1.0,3.9,5.0,4,52.0,0,bearish,1,11.0,5,2.0,16.5,1.0,20.9,0,3.0,3,61.7,0.0,-89.7,3.0,1310.0,1255.39,1307.91,52.0
CHAMBLFERT,16.0,4.0,7,3.0,2.0,2,2.8,1,-3.9,0,1.0,0.2,4.0,4,51.4,3,bullish,0,80.1,7,2.0,26.9,0.0,13.4,1,3.0,2,16.9,0.0,-20.8,2.0,453.25,440.74,471.49,51.4
SUBEXLTD,16.0,6.0,5,3.0,2.0,3,14.5,1,-7.3,0,2.0,14.2,6.0,3,59.0,0,bearish,2,32.7,5,1.0,39.7,2.0,56.9,0,3.0,2,14.6,0.0,-77.9,2.0,10.37,9.05,11.19,59.0
NESTLEIND,16.0,8.0,2,3.0,3.0,3,8.8,3,14.2,1,1.0,2.6,8.0,1,34.2,0,bearish,1,16.6,2,1.5,4.5,1.5,32.7,0,3.0,3,24.0,0.0,-24.8,3.0,1431.4,1315.57,1253.24,34.2
GABRIEL,15.5,6.5,3,4.0,2.0,3,13.7,2,3.3,0,1.5,6.1,6.5,1,69.0,0,bearish,2,61.4,3,2.0,20.9,2.0,88.9,0,4.0,2,17.9,0.0,-66.2,2.0,1095.3,962.93,1060.52,69.0
DELTACORP,15.5,5.0,4,3.5,3.0,3,10.3,1,-3.2,0,1.0,2.3,5.0,3,44.4,0,bearish,1,21.6,4,2.0,29.6,1.5,44.0,0,3.5,3,97.6,0.0,-75.5,3.0,69.56,63.04,71.83,44.4
QUESS,15.5,5.5,5,2.0,3.0,3,7.4,1,-5.0,0,1.5,5.3,5.5,4,54.0,0,bearish,1,27.4,5,1.0,42.5,1.0,25.2,0,2.0,3,97.3,0.0,-87.5,3.0,205.46,191.28,216.34,54.0
BEML,15.5,4.0,6,3.5,2.0,3,8.7,1,-2.0,0,0.0,-0.2,4.0,4,49.8,0,bearish,2,36.7,6,2.0,24.9,1.5,34.8,0,3.5,2,15.3,0.0,-41.3,2.0,1826.4,1679.84,1863.73,49.8
RADICO,15.5,9.0,2,3.0,1.5,3,18.7,3,20.0,1,2.0,11.0,9.0,2,62.7,0,bearish,0,80.6,2,1.5,2.0,1.5,48.0,0,3.0,0,-16.5,1.5,71.8,1.5,3599.9,3032.57,3000.49,62.7
KANSAINER,15.5,5.0,4,3.5,3.0,3,12.0,1,-4.0,0,1.0,4.5,5.0,1,65.2,3,bullish,0,71.7,4,2.0,18.4,1.5,36.5,0,3.5,3,28.3,0.0,-41.8,3.0,215.51,192.48,224.53,65.2
SIS,15.5,8.0,1,3.5,3.0,3,24.8,3,22.1,0,2.0,20.0,8.0,1,67.0,0,bearish,0,79.7,1,1.5,3.5,2.0,57.3,0,3.5,3,72.2,0.0,-58.2,3.0,404.25,323.92,331.13,67.0
BALRAMCHIN,15.5,8.0,3,3.5,1.0,3,8.9,3,14.2,1,1.0,1.6,8.0,0,76.3,3,bullish,0,76.3,3,2.0,11.7,1.5,39.9,0,3.5,1,5.1,0.0,12.5,1.0,550.45,505.25,482.01,76.3
KANSAINER,15.5,5.0,4,3.5,3.0,3,12.0,1,-4.0,0,1.0,4.5,5.0,1,65.2,3,bullish,0,71.7,4,2.0,18.4,1.5,36.5,0,3.5,3,28.3,0.0,-41.8,3.0,215.51,192.48,224.53,65.2
GPIL,15.5,7.0,5,3.5,0.0,2,3.3,3,13.5,2,0.0,-2.7,7.0,2,39.8,0,bearish,3,48.0,5,1.5,7.1,2.0,66.5,0,3.5,0,-12.0,0.0,0.5,0.0,290.55,281.29,255.92,39.8
METROPOLIS,15.5,6.5,3,3.0,3.0,3,7.5,2,4.0,0,1.5,6.9,6.5,2,60.8,0,bearish,1,29.8,3,2.0,15.1,1.0,27.5,0,3.0,3,56.4,0.0,-79.0,3.0,508.4,472.91,488.84,60.8
METROPOLIS,15.5,6.5,3,3.0,3.0,3,7.5,2,4.0,0,1.5,6.9,6.5,2,60.8,0,bearish,1,29.8,3,2.0,15.1,1.0,27.5,0,3.0,3,56.4,0.0,-79.0,3.0,508.4,472.91,488.84,60.8
DEEPAKFERT,15.0,6.0,3,4.0,2.0,3,18.6,2,3.8,0,1.0,4.3,6.0,3,59.6,0,bearish,0,74.0,3,2.0,25.0,2.0,52.9,0,4.0,0,-41.5,2.0,130.5,2.0,1324.5,1117.19,1276.04,59.6
TECHM,15.0,4.0,4,2.0,5.0,2,3.6,1,-1.5,0,1.0,0.3,4.0,4,51.1,0,bearish,0,77.9,4,2.0,20.9,0.0,12.5,0,2.0,3,22.0,2.0,121.9,5.0,1467.1,1415.76,1489.16,51.1
KPITTECH,15.0,4.0,7,2.0,2.0,3,5.0,0,-28.3,0,1.0,1.1,4.0,4,51.1,0,bearish,3,50.8,7,1.0,47.8,1.0,19.0,0,2.0,2,19.7,0.0,17.0,2.0,743.7,708.14,1036.86,51.1
ONEPOINT,15.0,8.5,2,3.5,1.0,3,16.6,3,20.4,1,1.5,10.0,8.5,0,79.6,0,bearish,2,68.6,2,2.0,14.2,1.5,47.9,0,3.5,1,7.4,0.0,-6.0,1.0,60.03,51.49,49.88,79.6
PNBGILTS,15.0,2.0,8,2.0,3.0,2,2.4,0,-14.3,0,0.0,-2.7,2.0,4,53.1,2,bullish,2,35.1,8,1.0,38.7,1.0,24.1,0,2.0,3,78.0,0.0,-51.1,3.0,72.7,70.98,84.84,53.1
TECHM,15.0,4.0,4,2.0,5.0,2,3.6,1,-1.5,0,1.0,0.3,4.0,4,51.1,0,bearish,0,77.9,4,2.0,20.9,0.0,12.5,0,2.0,3,22.0,2.0,121.9,5.0,1467.1,1415.76,1489.16,51.1
DIVISLAB,15.0,7.5,3,3.5,1.0,3,9.6,2,9.7,1,1.5,10.0,7.5,0,73.9,3,bullish,0,89.6,3,1.5,1.8,1.0,22.6,1,3.5,1,3.0,0.0,5.6,1.0,6912.0,6308.93,6301.19,73.9
THANGAMAYL,15.0,6.0,3,4.0,2.0,1,-3.4,3,19.3,2,0.0,-9.2,6.0,2,35.7,0,bearish,1,25.4,3,2.0,16.5,2.0,108.7,0,4.0,2,18.9,0.0,14.1,2.0,3653.1,3780.02,3061.3,35.7
YESBANK,15.0,6.5,5,2.5,1.0,3,10.9,2,4.5,0,1.5,9.9,6.5,1,67.3,2,bullish,2,64.6,5,1.5,9.6,1.0,27.7,0,2.5,1,6.7,0.0,-44.2,1.0,21.97,19.8,21.02,67.3
YESBANK,15.0,6.5,5,2.5,1.0,3,10.9,2,4.5,0,1.5,9.9,6.5,1,67.3,2,bullish,2,64.6,5,1.5,9.6,1.0,27.7,0,2.5,1,6.7,0.0,-44.2,1.0,21.97,19.8,21.02,67.3
VENKEYS,15.0,5.0,4,3.0,3.0,3,5.0,2,4.0,0,0.0,-5.1,5.0,3,44.2,0,bearish,1,6.7,4,2.0,15.9,1.0,29.9,0,3.0,3,38.8,0.0,-42.2,3.0,1513.8,1441.54,1455.32,44.2
KOTAKBANK,15.0,4.0,9,2.0,0.0,2,1.6,1,-6.1,0,1.0,1.4,4.0,4,50.0,3,bullish,2,62.5,9,2.0,15.7,0.0,10.5,0,2.0,0,-3.3,0.0,10.1,0.0,381.95,376.03,406.77,50.0
360ONE,15.0,6.0,5,3.0,1.0,3,5.7,2,1.3,0,1.0,4.7,6.0,2,63.8,3,bullish,0,71.0,5,2.0,12.8,1.0,21.9,0,3.0,1,6.3,0.0,-62.5,1.0,1098.4,1038.94,1084.57,63.8
SYNGENE,14.5,4.5,5,2.0,3.0,3,10.2,0,-16.8,0,1.5,8.1,4.5,2,61.0,0,bearish,3,46.8,5,1.0,35.3,1.0,24.0,0,2.0,3,68.2,0.0,-72.1,3.0,471.35,427.87,566.68,61.0
SYNGENE,14.5,4.5,5,2.0,3.0,3,10.2,0,-16.8,0,1.5,8.1,4.5,2,61.0,0,bearish,3,46.8,5,1.0,35.3,1.0,24.0,0,2.0,3,68.2,0.0,-72.1,3.0,471.35,427.87,566.68,61.0
RBLBANK,14.5,6.0,3,3.5,2.0,2,2.6,2,7.7,1,1.0,1.9,6.0,2,38.2,0,bearish,1,4.0,3,1.5,7.5,2.0,59.3,0,3.5,2,18.9,0.0,-57.6,2.0,323.65,315.48,300.5,38.2
LUPIN,14.5,5.0,5,2.5,2.0,1,-1.1,2,8.0,2,0.0,-0.9,5.0,4,47.8,0,bearish,1,27.1,5,1.5,8.3,1.0,24.5,0,2.5,2,18.6,0.0,-15.1,2.0,2287.4,2313.64,2117.57,47.8
WINDMACHIN,14.5,6.0,5,3.5,0.0,3,8.8,2,2.5,0,1.0,1.0,6.0,4,49.2,0,bearish,1,29.9,5,2.0,29.7,1.5,43.2,0,3.5,0,-5.7,0.0,-57.2,0.0,287.35,264.07,280.41,49.2
TEXRAIL,14.5,4.0,5,2.5,3.0,3,8.6,0,-11.9,0,1.0,2.7,4.0,4,52.6,0,bearish,1,19.0,5,1.0,41.9,1.5,39.9,0,2.5,3,83.5,0.0,-68.4,3.0,109.17,100.49,123.91,52.6
IGARASHI,14.5,6.0,5,2.5,1.0,3,14.9,1,-8.4,0,2.0,10.4,6.0,3,55.9,0,bearish,2,32.9,5,1.0,40.1,1.5,46.9,0,2.5,1,4.9,0.0,-58.9,1.0,398.15,346.58,434.77,55.9
ATGL,14.5,5.0,5,3.5,1.0,3,7.9,2,6.1,0,0.0,-0.9,5.0,2,38.2,0,bearish,3,45.3,5,2.0,21.9,1.5,34.7,0,3.5,0,-53.3,1.0,21.2,1.0,623.3,577.91,587.55,38.2
UTTAMSUGAR,14.5,4.0,4,3.5,3.0,2,3.6,2,2.1,0,0.0,-2.7,4.0,3,41.5,0,bearish,1,24.5,4,2.0,25.0,1.5,35.6,0,3.5,3,31.0,0.0,-22.0,3.0,245.6,237.06,240.55,41.5
FORTIS,14.5,6.0,5,3.5,0.0,3,8.3,2,4.1,0,1.0,4.1,6.0,3,59.0,0,bearish,2,69.1,5,2.0,13.0,1.5,44.1,0,3.5,0,-13.1,0.0,-21.5,0.0,960.55,887.06,922.49,59.0
NOCIL,14.0,4.0,5,3.5,1.5,2,4.8,2,3.8,0,0.0,-3.3,4.0,3,41.9,0,bearish,2,38.7,5,2.0,17.8,1.5,37.0,0,3.5,0,-83.4,1.5,74.1,1.5,171.62,163.73,165.33,41.9
ADANIPORTS,14.0,9.0,2,3.0,0.0,3,14.8,3,20.3,1,2.0,11.0,9.0,2,62.8,0,bearish,0,73.1,2,1.5,3.3,1.5,36.6,0,3.0,0,-0.8,0.0,-33.5,0.0,1762.8,1534.88,1465.37,62.8
LXCHEM,14.0,5.5,5,2.5,1.0,3,16.9,1,-7.6,0,1.5,8.7,5.5,2,60.1,0,bearish,3,48.0,5,1.0,35.0,1.5,45.7,0,2.5,1,0.4,0.0,-25.1,1.0,156.74,134.1,169.66,60.1
AEGISLOG,14.0,4.0,7,3.0,0.0,3,6.7,1,-2.6,0,0.0,-3.7,4.0,4,47.3,0,bearish,3,50.4,7,2.0,25.8,1.0,21.6,0,3.0,0,-52.1,0.0,0.9,0.0,700.5,656.81,719.37,47.3
MARICO,14.0,8.5,3,2.5,0.0,3,7.2,3,11.6,1,1.5,7.6,8.5,0,74.4,3,bullish,0,80.3,3,1.5,2.0,1.0,23.4,0,2.5,0,-4.1,0.0,-23.2,0.0,831.45,775.93,745.05,74.4
MARICO,14.0,8.5,3,2.5,0.0,3,7.2,3,11.6,1,1.5,7.6,8.5,0,74.4,3,bullish,0,80.3,3,1.5,2.0,1.0,23.4,0,2.5,0,-4.1,0.0,-23.2,0.0,831.45,775.93,745.05,74.4
TFCILTD,14.0,5.0,5,4.0,0.0,2,3.8,2,7.3,1,0.0,-2.8,5.0,4,49.8,0,bearish,1,14.1,5,2.0,13.7,2.0,88.5,0,4.0,0,-17.6,0.0,-1.0,0.0,73.05,70.37,68.09,49.8
TATASTEEL,14.0,7.0,4,3.0,0.0,2,2.4,3,14.1,2,0.0,-1.8,7.0,3,41.4,0,bearish,1,21.9,4,1.5,6.7,1.5,39.7,0,3.0,0,-10.1,0.0,16.1,0.0,209.29,204.29,183.5,41.4
INDHOTEL,14.0,3.0,7,3.0,1.0,2,3.3,1,-7.1,0,0.0,-1.1,3.0,4,53.4,0,bearish,3,54.1,7,2.0,19.6,1.0,15.5,0,3.0,0,-14.6,1.0,24.4,1.0,652.75,632.05,702.83,53.4
INDHOTEL,14.0,3.0,7,3.0,1.0,2,3.3,1,-7.1,0,0.0,-1.1,3.0,4,53.4,0,bearish,3,54.1,7,2.0,19.6,1.0,15.5,0,3.0,0,-14.6,1.0,24.4,1.0,652.75,632.05,702.83,53.4
TTKPRESTIG,14.0,4.0,5,2.0,3.0,3,5.5,0,-12.1,0,1.0,3.3,4.0,4,52.6,0,bearish,1,24.3,5,1.0,32.3,1.0,23.5,0,2.0,3,22.0,0.0,-89.8,3.0,522.4,494.99,594.16,52.6
GSFC,14.0,5.0,3,4.0,2.0,3,7.7,1,-3.0,0,1.0,0.7,5.0,3,56.3,0,bearish,0,80.0,3,2.0,18.1,1.0,27.1,1,4.0,0,-45.0,2.0,148.6,2.0,176.44,163.81,181.94,56.3
MANAPPURAM,13.5,7.5,2,4.0,0.0,3,13.7,3,11.5,0,1.5,7.0,7.5,2,63.2,0,bearish,0,91.4,2,1.5,1.6,1.5,39.5,1,4.0,0,-0.6,0.0,-32.4,0.0,315.3,277.39,282.74,63.2
GODFRYPHLP,13.5,4.5,6,2.0,1.0,3,10.1,0,-12.8,0,1.5,8.1,4.5,3,55.1,0,bearish,3,50.0,6,1.0,40.4,1.0,27.7,0,2.0,1,0.6,0.0,7.0,1.0,2339.9,2124.36,2682.21,55.1
LTTS,13.5,3.0,6,3.0,1.5,2,3.7,0,-10.4,0,1.0,0.1,3.0,4,49.7,0,bearish,2,30.6,6,2.0,24.8,1.0,18.1,0,3.0,0,-48.4,1.5,74.5,1.5,3554.6,3426.21,3965.15,49.7
MANAPPURAM,13.5,7.5,2,4.0,0.0,3,13.7,3,11.5,0,1.5,7.0,7.5,2,63.2,0,bearish,0,91.4,2,1.5,1.6,1.5,39.5,1,4.0,0,-0.6,0.0,-32.4,0.0,315.3,277.39,282.74,63.2
TIINDIA,13.5,4.0,6,3.5,0.0,2,4.8,2,2.7,0,0.0,-4.4,4.0,3,44.3,0,bearish,3,47.7,6,2.0,15.4,1.5,33.7,0,3.5,0,-3.1,0.0,-40.8,0.0,2892.2,2759.26,2815.12,44.3
ROSSARI,13.5,3.0,5,2.5,3.0,3,8.1,0,-11.2,0,0.0,-1.5,3.0,2,60.7,0,bearish,3,45.9,5,1.0,34.1,1.5,34.7,0,2.5,3,70.6,0.0,-87.5,3.0,504.95,467.07,568.49,60.7
TIINDIA,13.5,4.0,6,3.5,0.0,2,4.8,2,2.7,0,0.0,-4.4,4.0,3,44.3,0,bearish,3,47.7,6,2.0,15.4,1.5,33.7,0,3.5,0,-3.1,0.0,-40.8,0.0,2892.2,2759.26,2815.12,44.3
UJJIVANSFB,13.5,5.0,4,3.5,1.0,1,-3.9,2,1.6,2,0.0,-7.5,5.0,3,40.6,0,bearish,1,2.6,4,2.0,20.4,1.5,31.0,0,3.5,1,4.6,0.0,-47.8,1.0,54.13,56.34,53.26,40.6
WELENT,13.0,3.0,4,3.0,3.0,2,3.2,1,-1.0,0,0.0,-3.3,3.0,1,32.8,0,bearish,3,41.7,4,2.0,14.9,1.0,19.8,0,3.0,3,69.4,0.0,-47.7,3.0,493.55,478.28,498.51,32.8
GRASIM,13.0,6.5,4,2.5,0.0,3,6.8,2,5.1,0,1.5,5.7,6.5,1,68.7,3,bullish,0,74.3,4,1.5,2.4,1.0,17.3,0,2.5,0,-13.1,0.0,-29.2,0.0,2935.2,2749.32,2792.4,68.7
GRASIM,13.0,6.5,4,2.5,0.0,3,6.8,2,5.1,0,1.5,5.7,6.5,1,68.7,3,bullish,0,74.3,4,1.5,2.4,1.0,17.3,0,2.5,0,-13.1,0.0,-29.2,0.0,2935.2,2749.32,2792.4,68.7
COLPAL,13.0,6.0,3,4.0,0.0,3,7.4,2,1.5,0,1.0,3.3,6.0,3,58.4,0,bearish,0,73.5,3,2.0,18.6,1.0,22.8,1,4.0,0,-21.5,0.0,-6.7,0.0,2188.3,2037.51,2154.93,58.4
MANKIND,13.0,7.0,3,3.0,0.0,3,13.7,2,8.7,0,2.0,13.3,7.0,0,74.6,3,bullish,0,82.8,3,1.5,8.2,1.5,30.5,0,3.0,0,-3.4,0.0,5.3,0.0,2492.6,2193.07,2294.07,74.6
TATAELXSI,13.0,1.0,9,1.0,2.0,1,-1.8,0,-17.9,0,0.0,-4.0,1.0,4,52.8,2,bullish,3,59.9,9,1.0,37.3,0.0,6.1,0,1.0,2,10.2,0.0,-11.5,2.0,4186.1,4261.47,5096.48,52.8
COLPAL,13.0,6.0,3,4.0,0.0,3,7.4,2,1.5,0,1.0,3.3,6.0,3,58.4,0,bearish,0,73.5,3,2.0,18.6,1.0,22.8,1,4.0,0,-21.5,0.0,-6.7,0.0,2188.3,2037.51,2154.93,58.4
AFFLE,13.0,3.0,5,2.0,3.0,2,2.7,0,-14.3,0,1.0,0.7,3.0,4,52.9,0,bearish,1,22.7,5,1.0,33.3,1.0,16.5,0,2.0,3,44.2,0.0,-72.8,3.0,1457.2,1418.66,1700.78,52.9
MINDACORP,13.0,3.0,7,3.0,0.0,2,0.8,1,-5.1,0,0.0,-4.5,3.0,4,50.2,0,bearish,3,44.6,7,2.0,16.0,1.0,17.2,0,3.0,0,-22.0,0.0,-66.5,0.0,520.2,515.91,548.1,50.2
COALINDIA,13.0,8.0,2,3.0,0.0,2,0.4,3,13.1,2,1.0,2.9,8.0,1,30.4,0,bearish,1,13.8,2,1.5,7.0,1.5,32.1,0,3.0,0,-15.2,0.0,-34.5,0.0,456.95,455.23,404.04,30.4
VBL,13.0,6.0,3,3.0,1.0,3,13.2,2,9.9,0,1.0,4.1,6.0,3,44.9,0,bearish,0,76.8,3,1.5,3.6,1.5,35.4,0,3.0,1,6.5,0.0,-32.2,1.0,514.8,454.6,468.41,44.9
SURYAROSNI,13.0,3.0,5,2.0,3.0,2,5.0,1,-8.3,0,0.0,-1.1,3.0,4,48.9,0,bearish,1,15.8,5,1.0,32.0,1.0,27.9,0,2.0,3,33.8,0.0,-53.3,3.0,239.65,228.31,261.32,48.9
TATAELXSI,13.0,1.0,9,1.0,2.0,1,-1.8,0,-17.9,0,0.0,-4.0,1.0,4,52.8,2,bullish,3,59.9,9,1.0,37.3,0.0,6.1,0,1.0,2,10.2,0.0,-11.5,2.0,4186.1,4261.47,5096.48,52.8
HUDCO,13.0,4.0,3,3.0,3.0,2,4.8,1,-3.0,0,1.0,1.1,4.0,2,37.6,0,bearish,1,13.0,3,2.0,18.1,1.0,27.1,0,3.0,3,29.6,0.0,-66.3,3.0,202.11,192.85,208.33,37.6
BHARTIARTL,13.0,4.0,7,2.0,0.0,2,4.1,1,-2.3,0,1.0,4.6,4.0,4,53.1,3,bullish,0,81.1,7,2.0,12.0,0.0,9.9,0,2.0,0,-4.8,0.0,-7.0,0.0,1913.5,1837.91,1959.15,53.1
SONATSOFTW,13.0,3.0,5,2.0,3.0,3,5.1,0,-18.3,0,0.0,-1.3,3.0,4,50.9,0,bearish,1,22.3,5,1.0,40.3,1.0,27.8,0,2.0,3,20.6,0.0,-56.2,3.0,264.7,251.91,324.17,50.9
EVEREADY,13.0,3.0,5,2.0,3.0,2,4.4,1,-8.7,0,0.0,-5.5,3.0,4,46.5,0,bearish,1,28.5,5,1.0,32.4,1.0,23.8,0,2.0,3,28.0,0.0,-72.4,3.0,321.35,307.9,351.9,46.5
ZEEL,13.0,5.0,6,2.0,0.0,3,5.9,1,-9.3,0,1.0,0.1,5.0,4,45.2,0,bearish,2,36.0,6,1.0,41.0,1.0,28.9,0,2.0,0,-4.4,0.0,-43.2,0.0,87.68,82.79,96.64,45.2
ASIANPAINT,13.0,6.0,4,3.0,0.0,3,9.5,2,2.7,0,1.0,1.5,6.0,1,67.3,3,bullish,0,76.8,4,2.0,12.9,1.0,23.0,0,3.0,0,-20.6,0.0,-30.8,0.0,2600.7,2374.61,2532.25,67.3
COALINDIA,13.0,8.0,2,3.0,0.0,2,0.4,3,13.1,2,1.0,2.9,8.0,1,30.4,0,bearish,1,13.8,2,1.5,7.0,1.5,32.1,0,3.0,0,-15.2,0.0,-34.5,0.0,456.95,455.23,404.04,30.4
ZEEL,13.0,5.0,6,2.0,0.0,3,5.9,1,-9.3,0,1.0,0.1,5.0,4,45.2,0,bearish,2,36.0,6,1.0,41.0,1.0,28.9,0,2.0,0,-4.4,0.0,-43.2,0.0,87.68,82.79,96.64,45.2
NATIONALUM,12.5,6.0,3,3.5,0.0,1,-0.7,3,34.5,2,0.0,-8.0,6.0,2,35.1,0,bearish,1,28.1,3,1.5,9.9,2.0,136.5,0,3.5,0,-35.5,0.0,-14.7,0.0,398.95,401.93,296.72,35.1
ELECON,12.5,4.0,5,2.5,1.0,3,9.3,1,-1.9,0,0.0,-3.8,4.0,4,49.0,0,bearish,1,14.2,5,1.0,32.1,1.5,37.8,0,2.5,1,6.7,0.0,-69.8,1.0,485.15,444.07,494.31,49.0
MPHASIS,12.5,2.0,7,2.0,1.5,2,0.1,0,-15.4,0,0.0,-4.7,2.0,4,46.4,0,bearish,3,54.9,7,2.0,26.9,0.0,10.3,0,2.0,0,-0.9,1.5,93.6,1.5,2220.5,2219.09,2624.78,46.4
NTPC,12.5,7.0,3,2.5,0.0,2,0.6,3,11.8,2,0.0,-3.9,7.0,2,35.9,0,bearish,1,22.3,3,1.5,6.0,1.0,24.4,0,2.5,0,-28.4,0.0,-22.3,0.0,389.4,387.12,348.34,35.9
SOUTHBANK,12.5,5.0,4,3.5,0.0,2,0.7,2,5.6,1,0.0,-2.8,5.0,3,44.2,0,bearish,1,17.3,4,2.0,17.3,1.5,41.5,0,3.5,0,-7.3,0.0,-53.5,0.0,38.75,38.47,36.71,44.2
MPHASIS,12.5,2.0,7,2.0,1.5,2,0.1,0,-15.4,0,0.0,-4.7,2.0,4,46.4,0,bearish,3,54.9,7,2.0,26.9,0.0,10.3,0,2.0,0,-0.9,1.5,93.6,1.5,2220.5,2219.09,2624.78,46.4
MOTILALOFS,12.5,5.0,3,3.5,1.0,3,11.9,1,-0.4,0,1.0,4.9,5.0,1,66.4,0,bearish,2,61.1,3,2.0,21.8,1.5,38.4,0,3.5,1,8.5,0.0,-56.3,1.0,850.95,760.44,854.31,66.4
SIEMENS,12.5,7.0,3,2.5,0.0,2,3.1,3,10.4,2,0.0,-7.6,7.0,2,35.5,0,bearish,1,20.3,3,1.5,9.6,1.0,25.7,0,2.5,0,-7.4,0.0,-50.1,0.0,3550.9,3442.75,3217.52,35.5
SIEMENS,12.5,7.0,3,2.5,0.0,2,3.1,3,10.4,2,0.0,-7.6,7.0,2,35.5,0,bearish,1,20.3,3,1.5,9.6,1.0,25.7,0,2.5,0,-7.4,0.0,-50.1,0.0,3550.9,3442.75,3217.52,35.5
ALKEM,12.5,4.0,6,2.5,0.0,2,0.8,2,0.1,0,0.0,-2.8,4.0,3,58.9,0,bearish,3,46.9,6,1.5,7.1,1.0,17.1,0,2.5,0,-9.9,0.0,4.4,0.0,5470.0,5425.39,5462.77,58.9
SRF,12.5,4.5,6,2.0,0.0,2,3.7,1,-6.6,0,1.5,5.8,4.5,3,57.9,0,bearish,3,43.2,6,2.0,20.4,0.0,12.0,0,2.0,0,-5.9,0.0,-63.0,0.0,2637.2,2543.17,2823.02,57.9
SRF,12.5,4.5,6,2.0,0.0,2,3.7,1,-6.6,0,1.5,5.8,4.5,3,57.9,0,bearish,3,43.2,6,2.0,20.4,0.0,12.0,0,2.0,0,-5.9,0.0,-63.0,0.0,2637.2,2543.17,2823.02,57.9
INDUSINDBK,12.5,6.0,4,2.5,0.0,2,4.2,2,7.0,1,1.0,2.9,6.0,3,43.9,0,bearish,1,28.6,4,1.5,7.6,1.0,26.0,0,2.5,0,-23.5,0.0,-48.0,0.0,895.25,859.48,836.67,43.9
DCBBANK,12.5,5.0,3,3.5,1.0,1,-1.3,2,7.7,2,0.0,-9.4,5.0,2,35.5,0,bearish,1,28.0,3,2.0,14.0,1.5,48.1,0,3.5,1,5.2,0.0,-56.6,1.0,177.05,179.44,164.44,35.5
TNPETRO,12.5,3.0,6,2.0,1.5,2,4.8,1,-8.4,0,0.0,-0.8,3.0,2,61.3,2,bullish,2,67.4,6,1.0,30.1,1.0,15.4,0,2.0,0,-24.5,1.5,80.7,1.5,90.75,86.58,99.07,61.3
MAHSEAMLES,12.0,5.0,4,3.0,0.0,2,4.4,2,7.8,1,0.0,-4.4,5.0,2,39.7,0,bearish,2,32.7,4,2.0,16.7,1.0,26.9,0,3.0,0,-29.6,0.0,-41.5,0.0,635.25,608.4,589.13,39.7
HCLTECH,12.0,0.0,8,1.0,3.0,0,-8.7,0,-18.7,0,0.0,-6.5,0.0,3,43.7,3,bullish,2,68.9,8,1.0,32.5,0.0,6.9,0,1.0,3,33.4,0.0,-2.2,3.0,1179.4,1291.11,1450.11,43.7
INTELLECT,12.0,3.0,4,2.0,3.0,2,1.1,0,-22.2,0,1.0,0.2,3.0,3,40.2,0,bearish,1,18.0,4,1.0,44.1,1.0,17.1,0,2.0,3,44.2,0.0,-15.0,3.0,697.1,689.62,895.54,40.2
BAJFINANCE,12.0,3.0,6,3.0,0.0,2,2.4,1,-4.0,0,0.0,-1.2,3.0,4,48.1,0,bearish,2,33.5,6,2.0,16.2,1.0,17.2,0,3.0,0,-22.2,0.0,11.4,0.0,923.55,902.05,961.8,48.1
BANKINDIA,12.0,2.0,6,3.0,1.0,0,-5.1,1,-1.2,1,0.0,-9.3,2.0,3,42.0,2,bullish,1,19.7,6,2.0,22.3,1.0,27.4,0,3.0,1,7.7,0.0,6.7,1.0,138.64,146.08,140.27,42.0
ZENTEC,12.0,6.0,4,2.0,0.0,2,3.1,2,9.4,2,0.0,-11.2,6.0,1,33.5,0,bearish,3,43.6,4,1.0,30.9,1.0,27.9,0,2.0,0,-7.8,0.0,-57.8,0.0,1564.5,1517.72,1430.67,33.5
ICICIPRULI,12.0,1.0,7,2.0,2.0,1,-4.9,0,-14.0,0,0.0,-3.3,1.0,4,49.1,0,bearish,3,40.2,7,2.0,26.1,0.0,6.9,0,2.0,0,-5.3,2.0,131.3,2.0,522.15,549.23,607.47,49.1
EXIDEIND,12.0,4.0,2,3.0,3.0,3,5.3,1,-4.8,0,0.0,-2.8,4.0,1,34.0,0,bearish,1,24.0,2,2.0,20.0,1.0,20.1,0,3.0,3,55.7,0.0,-72.7,3.0,344.65,327.4,362.12,34.0
TATAPOWER,12.0,6.0,3,3.0,0.0,2,1.0,2,6.4,2,0.0,-4.8,6.0,0,23.3,0,bearish,3,40.9,3,2.0,10.7,1.0,21.2,0,3.0,0,-19.1,0.0,0.9,0.0,415.0,410.79,390.22,23.3
PHOENIXLTD,12.0,5.0,4,3.0,0.0,2,2.4,2,2.7,1,0.0,-4.7,5.0,3,43.4,0,bearish,1,20.1,4,2.0,13.6,1.0,23.0,0,3.0,0,-17.8,0.0,-36.2,0.0,1721.8,1680.86,1676.99,43.4
NBCC,12.0,3.0,5,3.0,1.0,2,4.3,1,-9.8,0,0.0,-1.2,3.0,4,49.8,0,bearish,1,26.8,5,2.0,28.3,1.0,20.6,0,3.0,1,0.9,0.0,-48.5,1.0,93.08,89.22,103.15,49.8
TITAN,12.0,5.0,2,3.0,2.0,1,-3.6,2,4.6,2,0.0,-7.9,5.0,1,33.0,0,bearish,1,18.9,2,2.0,10.9,1.0,24.2,0,3.0,2,11.0,0.0,-50.2,2.0,4102.0,4253.74,3923.07,33.0
JAGRAN,12.0,4.0,4,3.0,1.0,2,4.9,1,-1.2,0,1.0,1.4,4.0,2,60.3,2,bullish,0,74.6,4,2.0,12.7,0.0,14.1,1,3.0,0,-38.2,1.0,34.1,1.0,67.9,64.7,68.74,60.3
CANFINHOME,12.0,3.0,5,3.0,1.0,1,-1.5,1,-0.8,1,0.0,-8.1,3.0,3,41.6,0,bearish,2,30.2,5,2.0,13.7,1.0,19.2,0,3.0,1,5.2,0.0,-48.8,1.0,838.5,851.24,845.26,41.6
EIHOTEL,12.0,3.0,6,3.0,0.0,2,3.0,1,-8.5,0,0.0,-3.6,3.0,4,52.7,0,bearish,2,60.1,6,2.0,25.0,1.0,20.3,0,3.0,0,-88.5,0.0,4.8,0.0,326.25,316.73,356.39,52.7
ITC,12.0,3.0,7,2.0,0.0,2,2.1,0,-13.5,0,1.0,1.6,3.0,2,38.5,2,bullish,3,57.3,7,2.0,27.4,0.0,8.1,0,2.0,0,-19.3,0.0,5.5,0.0,310.3,304.04,358.78,38.5
TATAPOWER,12.0,6.0,3,3.0,0.0,2,1.0,2,6.4,2,0.0,-4.8,6.0,0,23.3,0,bearish,3,40.9,3,2.0,10.7,1.0,21.2,0,3.0,0,-19.1,0.0,0.9,0.0,415.0,410.79,390.22,23.3
SHARDACROP,12.0,3.0,2,4.0,3.0,0,-11.4,1,-3.6,2,0.0,-17.3,3.0,1,30.5,0,bearish,1,8.3,2,2.0,29.4,2.0,50.9,0,4.0,3,54.2,0.0,-31.7,3.0,916.3,1034.69,950.92,30.5
AVANTIFEED,12.0,6.0,2,4.0,0.0,1,-3.3,3,35.6,2,0.0,-12.2,6.0,1,34.7,0,bearish,1,12.4,2,2.0,20.5,2.0,106.3,0,4.0,0,-34.1,0.0,-48.4,0.0,1267.4,1310.34,934.37,34.7
PHOENIXLTD,12.0,5.0,4,3.0,0.0,2,2.4,2,2.7,1,0.0,-4.7,5.0,3,43.4,0,bearish,1,20.1,4,2.0,13.6,1.0,23.0,0,3.0,0,-17.8,0.0,-36.2,0.0,1721.8,1680.86,1676.99,43.4
PERSISTENT,12.0,3.0,6,2.0,1.0,2,2.1,1,-8.4,0,0.0,-0.1,3.0,3,59.8,3,bullish,0,80.1,6,2.0,23.0,0.0,13.9,0,2.0,0,-3.9,1.0,29.1,1.0,5066.3,4963.28,5530.42,59.8
PERSISTENT,12.0,3.0,6,2.0,1.0,2,2.1,1,-8.4,0,0.0,-0.1,3.0,3,59.8,3,bullish,0,80.1,6,2.0,23.0,0.0,13.9,0,2.0,0,-3.9,1.0,29.1,1.0,5066.3,4963.28,5530.42,59.8
ITC,12.0,3.0,7,2.0,0.0,2,2.1,0,-13.5,0,1.0,1.6,3.0,2,38.5,2,bullish,3,57.3,7,2.0,27.4,0.0,8.1,0,2.0,0,-19.3,0.0,5.5,0.0,310.3,304.04,358.78,38.5
JSWENERGY,11.5,5.0,4,2.5,0.0,2,2.3,2,4.7,1,0.0,-4.9,5.0,2,37.2,0,bearish,2,37.9,4,1.5,9.0,1.0,24.6,0,2.5,0,-2.0,0.0,-14.6,0.0,533.15,521.27,509.31,37.2
JSWENERGY,11.5,5.0,4,2.5,0.0,2,2.3,2,4.7,1,0.0,-4.9,5.0,2,37.2,0,bearish,2,37.9,4,1.5,9.0,1.0,24.6,0,2.5,0,-2.0,0.0,-14.6,0.0,533.15,521.27,509.31,37.2
SUZLON,11.5,5.0,3,3.5,0.0,3,10.6,2,0.9,0,0.0,-3.0,5.0,1,32.6,0,bearish,2,30.8,3,2.0,28.8,1.5,38.5,0,3.5,0,-0.1,0.0,-43.0,0.0,52.91,47.82,52.43,32.6
PFC,11.5,6.0,2,3.5,0.0,1,-0.2,3,10.0,2,0.0,-8.2,6.0,1,32.9,0,bearish,1,13.3,2,2.0,11.3,1.5,33.2,0,3.5,0,-24.3,0.0,-39.5,0.0,431.6,432.44,392.23,32.9
SOBHA,11.0,4.0,1,3.0,3.0,2,4.0,1,-5.5,0,1.0,0.0,4.0,0,28.6,0,bearish,1,16.2,1,2.0,19.9,1.0,22.8,0,3.0,3,36.7,0.0,-79.2,3.0,1387.8,1335.03,1468.51,28.6
OBEROIRLTY,11.0,4.0,4,3.0,0.0,2,2.5,2,0.3,0,0.0,-5.8,4.0,2,35.2,0,bearish,2,32.5,4,2.0,18.7,1.0,16.7,0,3.0,0,-27.5,0.0,-37.5,0.0,1622.0,1582.44,1616.64,35.2
TIRUMALCHM,11.0,4.0,5,2.0,0.0,3,7.2,0,-14.7,0,1.0,1.5,4.0,4,54.3,0,bearish,1,29.6,5,1.0,38.3,1.0,28.5,0,2.0,0,-40.8,0.0,-40.7,0.0,203.03,189.37,237.99,54.3
ARVINDFASN,11.0,1.0,4,3.0,3.0,1,-0.9,0,-11.8,0,0.0,-9.0,1.0,3,44.5,0,bearish,1,16.6,4,2.0,25.9,1.0,17.2,0,3.0,3,65.2,0.0,-76.4,3.0,429.3,433.3,486.7,44.5
RELIGARE,11.0,4.0,4,3.0,0.0,2,3.3,1,-5.3,0,1.0,1.9,4.0,4,53.0,0,bearish,0,74.9,4,2.0,22.7,1.0,16.1,0,3.0,0,-17.4,0.0,9.1,0.0,228.07,220.8,240.75,53.0
BEL,11.0,5.0,3,3.0,0.0,1,-3.0,2,2.3,2,0.0,-5.7,5.0,2,38.3,0,bearish,1,28.6,3,2.0,10.7,1.0,18.8,0,3.0,0,-24.0,0.0,16.4,0.0,422.95,436.12,413.45,38.3
SBILIFE,11.0,3.0,4,2.0,2.0,2,0.3,1,-2.2,0,0.0,-0.2,3.0,1,68.2,3,bullish,0,87.6,4,2.0,11.6,0.0,9.5,0,2.0,2,13.9,0.0,-15.7,2.0,1881.4,1876.34,1923.5,68.2
SBILIFE,11.0,3.0,4,2.0,2.0,2,0.3,1,-2.2,0,0.0,-0.2,3.0,1,68.2,3,bullish,0,87.6,4,2.0,11.6,0.0,9.5,0,2.0,2,13.9,0.0,-15.7,2.0,1881.4,1876.34,1923.5,68.2
HAL,11.0,3.0,5,3.0,0.0,2,4.3,1,-1.2,0,0.0,-1.5,3.0,4,49.1,0,bearish,1,23.9,5,2.0,15.0,1.0,24.5,0,3.0,0,-8.9,0.0,8.8,0.0,4333.2,4155.1,4387.41,49.1
MUTHOOTFIN,11.0,3.0,4,4.0,0.0,1,-2.3,1,-1.2,1,0.0,-7.9,3.0,3,41.6,0,bearish,1,17.2,4,2.0,19.7,2.0,64.4,0,4.0,0,-16.8,0.0,11.7,0.0,3303.6,3382.82,3344.78,41.6
TORNTPOWER,11.0,5.0,1,3.0,2.0,1,-3.2,2,8.3,2,0.0,-10.7,5.0,0,26.3,0,bearish,1,13.4,1,2.0,18.8,1.0,25.9,0,3.0,2,18.6,0.0,-20.0,2.0,1480.3,1529.77,1367.16,26.3
GUJGASLTD,11.0,3.0,5,3.0,0.0,2,4.3,1,-6.5,0,0.0,-1.6,3.0,3,43.9,0,bearish,2,33.8,5,2.0,25.0,1.0,24.9,0,3.0,0,-62.3,0.0,-55.2,0.0,376.55,360.88,402.7,43.9
HINDPETRO,11.0,2.0,6,3.0,0.0,2,1.3,0,-11.7,0,0.0,-3.0,2.0,4,46.2,0,bearish,2,31.4,6,2.0,27.0,1.0,17.3,0,3.0,0,-26.4,0.0,-21.8,0.0,371.0,366.2,420.24,46.2
OBEROIRLTY,11.0,4.0,4,3.0,0.0,2,2.5,2,0.3,0,0.0,-5.8,4.0,2,35.2,0,bearish,2,32.5,4,2.0,18.7,1.0,16.7,0,3.0,0,-27.5,0.0,-37.5,0.0,1622.0,1582.44,1616.64,35.2
MAHLOG,11.0,4.0,1,3.0,3.0,0,-7.8,2,1.3,2,0.0,-18.1,4.0,0,18.7,0,bearish,1,7.9,1,2.0,20.9,1.0,29.5,0,3.0,3,26.5,0.0,-75.6,3.0,356.1,386.32,351.69,18.7
MUTHOOTFIN,11.0,3.0,4,4.0,0.0,1,-2.3,1,-1.2,1,0.0,-7.9,3.0,3,41.6,0,bearish,1,17.2,4,2.0,19.7,2.0,64.4,0,4.0,0,-16.8,0.0,11.7,0.0,3303.6,3382.82,3344.78,41.6
NAVNETEDUL,11.0,3.0,5,3.0,0.0,2,3.0,1,-2.9,0,0.0,-2.7,3.0,4,49.7,0,bearish,1,18.4,5,2.0,14.0,1.0,17.4,0,3.0,0,-32.9,0.0,-77.6,0.0,142.68,138.49,147.01,49.7
MFSL,11.0,2.0,6,3.0,0.0,1,-0.5,1,-1.2,0,0.0,-0.6,2.0,4,51.1,0,bearish,2,36.5,6,2.0,14.5,1.0,19.3,0,3.0,0,-27.3,0.0,7.3,0.0,1617.9,1625.47,1638.35,51.1
AUBANK,11.0,6.0,2,3.0,0.0,2,0.9,2,8.3,2,0.0,-6.8,6.0,1,35.0,0,bearish,1,3.9,2,1.5,10.0,1.5,43.0,0,3.0,0,-12.9,0.0,-47.0,0.0,971.9,963.31,897.15,35.0
LICI,11.0,3.0,6,2.0,0.0,2,1.1,1,-6.0,0,0.0,-2.1,3.0,4,46.1,0,bearish,2,69.1,6,2.0,16.9,0.0,11.4,0,2.0,0,-26.6,0.0,-37.9,0.0,803.5,794.41,855.15,46.1
INFY,11.0,1.0,6,1.0,3.0,1,-3.4,0,-17.0,0,0.0,-5.7,1.0,3,55.8,3,bullish,0,98.6,6,1.0,30.7,0.0,9.9,0,1.0,1,9.5,2.0,126.0,3.0,1196.9,1239.62,1441.93,55.8
VIPIND,11.0,0.0,7,1.0,3.0,0,-7.4,0,-22.3,0,0.0,-6.4,0.0,4,48.8,2,bullish,1,29.5,7,1.0,40.2,0.0,5.8,0,1.0,3,53.8,0.0,-31.9,3.0,294.25,317.76,378.49,48.8
INDIANB,10.5,3.0,2,3.5,2.0,0,-7.9,1,-0.2,2,0.0,-11.7,3.0,1,34.7,0,bearish,1,21.4,2,2.0,18.4,1.5,42.9,0,3.5,2,17.8,0.0,-24.8,2.0,817.1,887.33,818.99,34.7
TITAGARH,10.5,3.0,3,3.5,1.0,2,4.2,1,-8.2,0,0.0,-0.5,3.0,2,38.5,0,bearish,1,8.2,3,2.0,24.0,1.5,30.1,0,3.5,1,0.6,0.0,-77.1,1.0,739.6,709.98,805.38,38.5
WABAG,10.5,4.0,3,3.5,0.0,2,3.3,2,1.7,0,0.0,-6.5,4.0,1,31.2,0,bearish,2,33.0,3,2.0,17.0,1.5,34.7,0,3.5,0,-31.0,0.0,-30.3,0.0,1391.2,1347.14,1367.41,31.2
CONCOR,10.0,3.0,4,3.0,0.0,2,4.3,1,-1.3,0,0.0,-2.0,3.0,3,44.5,0,bearish,1,16.7,4,2.0,21.2,1.0,20.0,0,3.0,0,-23.9,0.0,-55.2,0.0,505.6,484.82,512.43,44.5
HEROMOTOCO,10.0,2.0,4,3.0,1.0,1,-3.9,1,-6.6,0,0.0,-3.5,2.0,3,44.2,0,bearish,1,22.0,4,2.0,20.1,1.0,24.6,0,3.0,1,9.4,0.0,-14.5,1.0,5007.5,5212.19,5363.46,44.2
HDFCBANK,10.0,1.0,6,2.0,1.0,1,-3.7,0,-17.6,0,0.0,-4.7,1.0,3,43.3,2,bullish,1,28.3,6,2.0,25.3,0.0,4.9,0,2.0,0,-29.9,1.0,21.5,1.0,762.45,791.67,925.1,43.3
ROUTE,10.0,3.0,6,1.0,0.0,2,5.0,0,-21.4,0,1.0,0.2,3.0,4,47.0,0,bearish,2,31.0,6,0.0,54.4,1.0,26.5,0,1.0,0,-33.5,0.0,-2.3,0.0,519.7,495.0,661.29,47.0
AXISBANK,10.0,4.0,2,3.0,1.0,1,-2.9,2,0.5,1,0.0,-10.2,4.0,1,30.6,0,bearish,1,18.8,2,2.0,12.7,1.0,18.8,0,3.0,0,-7.4,1.0,29.5,1.0,1238.3,1275.36,1232.73,30.6
UNIONBANK,10.0,4.0,2,3.0,1.0,0,-9.3,2,0.4,2,0.0,-18.1,4.0,1,32.6,0,bearish,1,15.1,2,2.0,22.6,1.0,27.5,0,3.0,1,1.2,0.0,-64.4,1.0,158.96,175.28,158.28,32.6
DABUR,10.0,3.0,5,2.0,0.0,2,1.1,1,-8.7,0,0.0,-1.6,3.0,4,48.5,0,bearish,1,24.8,5,2.0,21.1,0.0,12.3,0,2.0,0,-0.1,0.0,-42.3,0.0,452.8,447.82,495.76,48.5
RCF,10.0,3.0,4,3.0,0.0,2,0.9,1,-9.7,0,0.0,-6.3,3.0,2,35.7,0,bearish,2,35.1,4,2.0,24.0,1.0,17.4,0,3.0,0,-73.8,0.0,17.4,0.0,124.42,123.29,137.75,35.7
EDELWEISS,10.0,3.0,2,3.0,2.0,1,-3.6,1,-1.4,1,0.0,-10.6,3.0,1,31.8,0,bearish,1,6.5,2,2.0,16.6,1.0,27.7,0,3.0,2,16.1,0.0,-69.0,2.0,109.04,113.06,110.57,31.8
LICHSGFIN,10.0,3.0,4,3.0,0.0,2,2.3,1,-0.5,0,0.0,-2.9,3.0,3,42.4,0,bearish,1,14.4,4,2.0,14.5,1.0,18.3,0,3.0,0,-3.5,0.0,-59.4,0.0,543.0,531.01,545.92,42.4
RAILTEL,10.0,4.0,4,2.0,0.0,3,5.2,1,-6.3,0,0.0,-4.3,4.0,3,44.1,0,bearish,1,14.9,4,1.0,33.2,1.0,29.5,0,2.0,0,-52.9,0.0,-67.1,0.0,317.35,301.63,338.85,44.1
MAHLIFE,10.0,3.0,4,2.0,1.0,1,-1.8,1,-10.0,0,1.0,2.8,3.0,2,38.9,0,bearish,2,37.3,4,2.0,23.0,0.0,14.7,0,2.0,1,3.6,0.0,-69.4,1.0,328.9,334.8,365.43,38.9
IEX,10.0,4.0,5,1.0,0.0,2,1.9,1,-4.5,0,1.0,1.3,4.0,4,53.1,0,bearish,1,29.2,5,1.0,40.1,0.0,11.2,0,1.0,0,-2.0,0.0,-68.7,0.0,125.48,123.2,131.46,53.1
UPL,10.0,3.0,5,2.0,0.0,2,0.2,1,-9.4,0,0.0,-3.1,3.0,4,45.9,0,bearish,1,23.3,5,2.0,22.0,0.0,12.1,0,2.0,0,-1.3,0.0,-17.6,0.0,633.3,632.02,699.29,45.9
UNIONBANK,10.0,4.0,2,3.0,1.0,0,-9.3,2,0.4,2,0.0,-18.1,4.0,1,32.6,0,bearish,1,15.1,2,2.0,22.6,1.0,27.5,0,3.0,1,1.2,0.0,-64.4,1.0,158.96,175.28,158.28,32.6
JKLAKSHMI,10.0,2.0,5,2.0,1.0,2,2.2,0,-17.1,0,0.0,-2.3,2.0,4,46.0,0,bearish,1,22.5,5,1.0,36.9,1.0,17.2,0,2.0,1,6.0,0.0,-80.9,1.0,644.6,630.71,777.25,46.0
DIXON,10.0,2.0,6,2.0,0.0,2,3.3,0,-18.4,0,0.0,-1.9,2.0,4,45.9,0,bearish,2,60.2,6,1.0,40.2,1.0,15.1,0,2.0,0,-3.6,0.0,-17.9,0.0,11048.0,10692.46,13536.52,45.9
DLF,10.0,2.0,5,2.0,1.0,2,1.4,0,-15.0,0,0.0,-5.4,2.0,3,44.3,0,bearish,2,35.6,5,1.0,34.4,1.0,18.0,0,2.0,0,-30.5,1.0,28.1,1.0,577.4,569.69,679.13,44.3
IDFCFIRSTB,10.0,3.0,4,3.0,0.0,2,2.3,1,-9.0,0,0.0,-0.8,3.0,2,37.7,0,bearish,2,31.2,4,2.0,22.1,1.0,16.8,0,3.0,0,-20.4,0.0,-42.8,0.0,67.81,66.27,74.55,37.7
TVSMOTOR,10.0,2.0,2,3.0,3.0,0,-7.7,1,-6.9,1,0.0,-10.3,2.0,1,31.0,0,bearish,1,11.0,2,2.0,17.0,1.0,24.1,0,3.0,1,3.2,2.0,131.7,3.0,3283.4,3556.86,3525.89,31.0
PRESTIGE,10.0,2.0,5,3.0,0.0,2,3.8,0,-10.0,0,0.0,-2.0,2.0,3,42.4,0,bearish,2,36.5,5,2.0,24.0,1.0,26.3,0,3.0,0,-43.1,0.0,-25.4,0.0,1377.1,1326.89,1530.23,42.4
IDFCFIRSTB,10.0,3.0,4,3.0,0.0,2,2.3,1,-9.0,0,0.0,-0.8,3.0,2,37.7,0,bearish,2,31.2,4,2.0,22.1,1.0,16.8,0,3.0,0,-20.4,0.0,-42.8,0.0,67.81,66.27,74.55,37.7
UPL,10.0,3.0,5,2.0,0.0,2,0.2,1,-9.4,0,0.0,-3.1,3.0,4,45.9,0,bearish,1,23.3,5,2.0,22.0,0.0,12.1,0,2.0,0,-1.3,0.0,-17.6,0.0,633.3,632.02,699.29,45.9
DIXON,10.0,2.0,6,2.0,0.0,2,3.3,0,-18.4,0,0.0,-1.9,2.0,4,45.9,0,bearish,2,60.2,6,1.0,40.2,1.0,15.1,0,2.0,0,-3.6,0.0,-17.9,0.0,11048.0,10692.46,13536.52,45.9
POWERGRID,9.5,5.0,1,2.5,1.0,1,-2.3,2,5.9,2,0.0,-6.6,5.0,0,20.6,0,bearish,1,24.9,1,1.5,8.1,1.0,20.8,0,2.5,0,-31.3,1.0,30.2,1.0,298.6,305.61,282.08,20.6
JAMNAAUTO,9.5,3.0,3,3.5,0.0,0,-7.5,1,-1.6,2,0.0,-10.7,3.0,2,36.0,0,bearish,1,14.2,3,2.0,26.1,1.5,33.2,0,3.5,0,-18.1,0.0,-32.6,0.0,112.8,122.0,114.61,36.0
IDBI,9.5,1.0,5,2.0,1.5,1,-4.1,0,-20.9,0,0.0,-1.3,1.0,2,39.4,0,bearish,3,58.3,5,1.0,37.9,1.0,20.6,0,2.0,0,-48.1,1.5,81.9,1.5,73.56,76.68,92.96,39.4
GAIL,9.5,3.0,2,3.0,1.5,2,1.0,1,-5.5,0,0.0,-6.0,3.0,1,31.0,0,bearish,1,7.3,2,2.0,20.2,1.0,16.2,0,3.0,0,-29.4,1.5,88.3,1.5,156.12,154.59,165.2,31.0
DBL,9.0,3.0,3,3.0,0.0,2,0.4,1,-4.7,0,0.0,-1.4,3.0,2,36.9,0,bearish,1,17.6,3,2.0,24.0,1.0,16.3,0,3.0,0,-33.7,0.0,-30.4,0.0,444.45,442.64,466.57,36.9
APLAPOLLO,9.0,4.0,2,3.0,0.0,0,-5.8,2,0.3,2,0.0,-12.1,4.0,1,34.6,0,bearish,1,19.0,2,2.0,19.0,1.0,25.4,0,3.0,0,-2.9,0.0,-47.0,0.0,1864.5,1979.3,1859.37,34.6
CLEAN,9.0,2.0,3,1.0,3.0,2,0.8,0,-17.4,0,0.0,-0.3,2.0,2,38.5,0,bearish,1,18.9,3,0.0,52.0,1.0,17.0,0,1.0,3,73.3,0.0,-77.0,3.0,763.15,757.22,923.39,38.5
HAVELLS,9.0,1.0,4,2.0,2.0,1,-4.7,0,-14.3,0,0.0,-10.5,1.0,2,38.7,0,bearish,2,30.8,4,2.0,25.3,0.0,5.7,0,2.0,2,17.0,0.0,-64.3,2.0,1207.2,1266.76,1409.19,38.7
ICICIBANK,9.0,2.0,3,2.0,2.0,1,-3.2,1,-9.0,0,0.0,-9.3,2.0,2,36.5,0,bearish,1,20.4,3,2.0,16.6,0.0,4.5,0,2.0,0,-8.9,2.0,123.6,2.0,1240.8,1281.53,1363.18,36.5
ASTRAL,9.0,3.0,2,2.0,2.0,0,-8.8,1,-2.6,2,0.0,-8.9,3.0,1,34.1,0,bearish,1,5.3,2,2.0,18.1,0.0,15.0,0,2.0,0,-19.2,2.0,271.2,2.0,1448.9,1588.1,1488.01,34.1
DBCORP,9.0,1.0,3,2.0,3.0,1,-1.7,0,-15.2,0,0.0,-3.1,1.0,2,38.3,0,bearish,1,11.3,3,2.0,27.4,0.0,12.4,0,2.0,3,45.5,0.0,-82.3,3.0,207.39,210.9,244.69,38.3
REDINGTON,9.0,1.0,6,2.0,0.0,1,-0.2,0,-13.4,0,0.0,-2.0,1.0,3,57.4,3,bullish,0,71.6,6,1.0,32.4,1.0,15.6,0,2.0,0,-42.0,0.0,-18.4,0.0,221.24,221.58,255.54,57.4
LT,9.0,4.0,2,3.0,0.0,2,1.8,2,1.1,0,0.0,-2.5,4.0,1,34.6,0,bearish,1,25.3,2,2.0,11.7,1.0,19.2,0,3.0,0,-32.0,0.0,-8.9,0.0,3921.0,3850.87,3876.56,34.6
CHOLAFIN,9.0,2.0,4,3.0,0.0,1,-1.8,1,-6.3,0,0.0,-3.5,2.0,3,44.6,0,bearish,1,14.9,4,2.0,17.4,1.0,16.3,0,3.0,0,-4.9,0.0,-47.4,0.0,1511.4,1538.57,1613.78,44.6
VEDL,9.0,2.0,3,1.0,3.0,0,-43.5,0,-38.3,2,0.0,-55.4,2.0,0,15.5,3,bullish,0,95.8,3,0.0,57.5,1.0,25.7,0,1.0,3,63.2,0.0,-22.4,3.0,337.65,597.71,546.97,15.5
KSB,9.0,5.0,1,3.0,0.0,1,-2.6,2,5.6,2,0.0,-15.5,5.0,0,12.1,0,bearish,1,11.3,1,2.0,18.2,1.0,26.2,0,3.0,0,-19.0,0.0,-78.4,0.0,837.2,859.42,792.45,12.1
VEDL,9.0,2.0,3,1.0,3.0,0,-43.5,0,-38.3,2,0.0,-55.4,2.0,0,15.5,3,bullish,0,95.8,3,0.0,57.5,1.0,25.7,0,1.0,3,63.2,0.0,-22.4,3.0,337.65,597.71,546.97,15.5
INDIANHUME,9.0,1.0,4,1.0,3.0,1,-4.6,0,-16.2,0,0.0,-6.8,1.0,3,41.3,0,bearish,1,22.0,4,1.0,34.8,0.0,10.1,0,1.0,3,97.9,0.0,-92.0,3.0,308.4,323.28,367.91,41.3
VGUARD,9.0,2.0,1,2.0,4.0,1,-3.3,1,-8.6,0,0.0,-6.2,2.0,0,29.2,0,bearish,1,2.8,1,2.0,23.4,0.0,7.9,0,2.0,3,22.8,1.0,36.8,4.0,312.85,323.57,342.18,29.2
VEDL,9.0,2.0,3,1.0,3.0,0,-43.5,0,-38.3,2,0.0,-55.4,2.0,0,15.5,3,bullish,0,95.8,3,0.0,57.5,1.0,25.7,0,1.0,3,63.2,0.0,-22.4,3.0,337.65,597.71,546.97,15.5
BAJAJFINSV,9.0,1.0,6,2.0,0.0,1,-1.1,0,-10.8,0,0.0,-5.1,1.0,4,47.3,0,bearish,2,35.9,6,2.0,20.3,0.0,9.6,0,2.0,0,-19.9,0.0,-43.7,0.0,1749.8,1769.64,1960.8,47.3
GODREJAGRO,9.0,2.0,3,1.0,3.0,1,-2.0,1,-9.2,0,0.0,-7.0,2.0,2,39.5,0,bearish,1,26.2,3,1.0,34.0,0.0,13.1,0,1.0,3,23.1,0.0,-40.6,3.0,572.45,584.36,630.7,39.5
APLAPOLLO,9.0,4.0,2,3.0,0.0,0,-5.8,2,0.3,2,0.0,-12.1,4.0,1,34.6,0,bearish,1,19.0,2,2.0,19.0,1.0,25.4,0,3.0,0,-2.9,0.0,-47.0,0.0,1864.5,1979.3,1859.37,34.6
SUDARSCHEM,9.0,3.0,4,2.0,0.0,2,1.6,0,-20.0,0,1.0,0.6,3.0,3,40.0,0,bearish,1,15.4,4,1.0,46.6,1.0,17.9,0,2.0,0,-31.8,0.0,-71.6,0.0,856.7,843.51,1070.6,40.0
SJVN,9.0,3.0,3,3.0,0.0,2,1.3,1,-7.0,0,0.0,-7.8,3.0,1,33.4,0,bearish,2,38.9,3,2.0,29.3,1.0,18.3,0,3.0,0,-4.8,0.0,-32.2,0.0,74.56,73.58,80.14,33.4
KECL,8.5,4.0,1,3.5,0.0,2,1.8,2,0.9,0,0.0,-16.7,4.0,0,20.7,0,bearish,1,3.1,1,2.0,28.6,1.5,43.7,0,3.5,0,-80.7,0.0,-41.4,0.0,108.45,106.53,107.5,20.7
ASHOKLEY,8.5,3.0,2,3.5,0.0,0,-10.1,1,-5.6,2,0.0,-15.4,3.0,1,31.2,0,bearish,1,10.9,2,2.0,29.7,1.5,32.6,0,3.5,0,-21.1,0.0,9.9,0.0,151.38,168.46,160.41,31.2
CUB,8.5,4.0,1,3.5,0.0,1,-1.3,2,0.3,1,0.0,-7.1,4.0,0,25.8,0,bearish,1,21.8,1,2.0,22.5,1.5,35.5,0,3.5,0,-5.1,0.0,-58.6,0.0,251.1,254.33,250.41,25.8
M&M,8.0,1.0,5,2.0,0.0,1,-1.6,0,-10.0,0,0.0,-1.8,1.0,4,46.0,0,bearish,1,12.9,5,2.0,19.5,0.0,6.8,0,2.0,0,-9.3,0.0,3.2,0.0,3092.3,3141.41,3436.03,46.0
RALLIS,8.0,1.0,2,2.0,3.0,1,-0.2,0,-10.9,0,0.0,-4.8,1.0,1,34.4,0,bearish,1,5.7,2,1.0,34.4,1.0,17.4,0,2.0,3,27.5,0.0,-32.8,3.0,253.1,253.61,284.08,34.4
TCS,8.0,1.0,3,1.0,3.0,1,-4.8,0,-19.0,0,0.0,-8.3,1.0,0,27.4,0,bearish,3,41.3,3,1.0,32.6,0.0,5.5,0,1.0,1,1.2,2.0,148.9,3.0,2327.1,2445.22,2873.09,27.4
HINDUNILVR,8.0,3.0,3,2.0,0.0,2,1.3,1,-6.3,0,0.0,-5.7,3.0,2,38.7,0,bearish,1,13.5,3,2.0,18.2,0.0,10.4,0,2.0,0,-11.5,0.0,-35.6,0.0,2232.9,2203.51,2384.03,38.7
WESTLIFE,8.0,1.0,4,2.0,1.0,1,-0.1,0,-17.8,0,0.0,-3.7,1.0,3,42.3,0,bearish,1,19.4,4,1.0,43.0,1.0,17.1,0,2.0,0,-8.2,1.0,24.3,1.0,466.4,466.8,567.43,42.3
SCHAEFFLER,8.0,4.0,1,2.0,1.0,1,-1.2,2,1.2,1,0.0,-6.3,4.0,0,26.9,0,bearish,1,24.7,1,2.0,10.3,0.0,14.3,0,2.0,1,1.8,0.0,-29.8,1.0,3987.8,4035.69,3941.55,26.9
SCHAEFFLER,8.0,4.0,1,2.0,1.0,1,-1.2,2,1.2,1,0.0,-6.3,4.0,0,26.9,0,bearish,1,24.7,1,2.0,10.3,0.0,14.3,0,2.0,1,1.8,0.0,-29.8,1.0,3987.8,4035.69,3941.55,26.9
MSTCLTD,8.0,1.0,4,3.0,0.0,1,-0.9,0,-10.3,0,0.0,-6.5,1.0,3,42.2,0,bearish,1,22.3,4,2.0,26.2,1.0,16.7,0,3.0,0,-25.6,0.0,-48.7,0.0,422.8,426.5,471.24,42.2
DISHTV,8.0,3.0,2,3.0,0.0,3,8.4,0,-16.7,0,0.0,-13.0,3.0,0,27.2,0,bearish,2,30.2,2,1.0,48.6,2.0,84.6,0,3.0,0,-59.2,0.0,-44.3,0.0,3.36,3.1,4.03,27.2
TRENT,8.0,3.0,3,2.0,0.0,2,4.2,1,-7.2,0,0.0,-8.2,3.0,2,39.3,0,bearish,1,23.8,3,1.0,35.0,1.0,24.2,0,2.0,0,-11.4,0.0,-49.5,0.0,4069.6,3904.96,4384.18,39.3
POLYMED,8.0,2.0,4,2.0,0.0,2,2.3,0,-15.1,0,0.0,-1.2,2.0,3,42.9,0,bearish,1,10.2,4,1.0,42.4,1.0,23.1,0,2.0,0,-15.7,0.0,-57.7,0.0,1455.1,1421.71,1713.39,42.9
KAJARIACER,8.0,3.0,1,3.0,1.0,2,0.1,1,-3.3,0,0.0,-12.3,3.0,0,20.5,0,bearish,1,6.5,1,2.0,19.5,1.0,21.3,0,3.0,1,6.8,0.0,-80.4,1.0,1054.4,1053.28,1090.6,20.5
NHPC,8.0,3.0,3,2.0,0.0,2,0.7,1,-0.3,0,0.0,-4.3,3.0,1,32.1,0,bearish,2,38.0,3,2.0,12.3,0.0,10.4,0,2.0,0,-14.4,0.0,6.5,0.0,79.06,78.49,79.26,32.1
SARDAEN,8.0,4.0,1,3.0,0.0,1,-3.1,2,0.5,1,0.0,-9.1,4.0,0,20.2,0,bearish,1,24.9,1,2.0,15.9,1.0,28.2,0,3.0,0,-13.3,0.0,-44.7,0.0,537.95,555.26,535.09,20.2
COCHINSHIP,8.0,2.0,1,2.0,3.0,1,-1.3,1,-8.2,0,0.0,-5.9,2.0,0,24.8,0,bearish,1,4.0,1,1.0,41.1,1.0,25.5,0,2.0,3,23.7,0.0,-49.5,3.0,1489.6,1508.95,1622.81,24.8
EMAMILTD,8.0,2.0,5,1.0,0.0,2,0.7,0,-14.0,0,0.0,-8.1,2.0,2,37.0,0,bearish,3,43.4,5,1.0,31.2,0.0,12.9,0,1.0,0,-29.1,0.0,-16.3,0.0,435.05,432.08,505.65,37.0
EMAMILTD,8.0,2.0,5,1.0,0.0,2,0.7,0,-14.0,0,0.0,-8.1,2.0,2,37.0,0,bearish,3,43.4,5,1.0,31.2,0.0,12.9,0,1.0,0,-29.1,0.0,-16.3,0.0,435.05,432.08,505.65,37.0
BRITANNIA,8.0,2.0,2,2.0,2.0,1,-4.2,1,-7.3,0,0.0,-5.5,2.0,1,32.2,0,bearish,1,22.4,2,2.0,14.5,0.0,2.6,0,2.0,2,18.2,0.0,-50.5,2.0,5416.5,5651.31,5842.34,32.2
POONAWALLA,8.0,1.0,4,2.0,1.0,1,-2.2,0,-10.4,0,0.0,-4.6,1.0,3,42.6,0,bearish,1,8.6,4,2.0,29.1,0.0,12.0,0,2.0,1,7.4,0.0,-43.3,1.0,404.5,413.63,451.41,42.6
TRENT,8.0,3.0,3,2.0,0.0,2,4.2,1,-7.2,0,0.0,-8.2,3.0,2,39.3,0,bearish,1,23.8,3,1.0,35.0,1.0,24.2,0,2.0,0,-11.4,0.0,-49.5,0.0,4069.6,3904.96,4384.18,39.3
MGL,8.0,3.0,3,2.0,0.0,2,0.1,1,-9.2,0,0.0,-6.8,3.0,2,36.6,0,bearish,1,21.2,3,1.0,31.6,1.0,17.7,0,2.0,0,-49.4,0.0,-23.5,0.0,1059.4,1058.54,1167.36,36.6
UNITDSPR,8.0,2.0,4,2.0,0.0,1,-0.1,1,-3.3,0,0.0,-4.3,2.0,1,34.1,0,bearish,3,44.4,4,2.0,19.8,0.0,7.8,0,2.0,0,-12.1,0.0,-40.0,0.0,1304.9,1305.77,1348.9,34.1
WIPRO,8.0,1.0,5,2.0,0.0,1,-1.2,0,-14.9,0,0.0,-4.3,1.0,2,37.2,0,bearish,3,49.9,5,2.0,26.7,0.0,4.6,0,2.0,0,-12.7,0.0,10.6,0.0,195.17,197.62,229.27,37.2
ITI,8.0,3.0,2,3.0,0.0,2,2.3,1,-4.3,0,0.0,-6.0,3.0,1,31.7,0,bearish,1,25.1,2,2.0,23.3,1.0,20.6,0,3.0,0,-66.5,0.0,-87.1,0.0,285.85,279.42,298.75,31.7
DMART,8.0,4.0,1,3.0,0.0,1,-0.2,2,1.9,1,0.0,-7.8,4.0,0,19.7,0,bearish,1,6.2,1,2.0,14.4,1.0,17.7,0,3.0,0,-44.6,0.0,7.5,0.0,4236.0,4243.99,4155.21,19.7
RPOWER,7.5,3.0,3,1.5,0.0,3,5.8,0,-24.3,0,0.0,-10.4,3.0,1,33.4,0,bearish,2,32.9,3,0.0,64.6,1.5,34.4,0,1.5,0,-21.9,0.0,-45.3,0.0,27.11,25.63,35.8,33.4
RAMCOCEM,7.0,0.0,3,2.0,2.0,0,-5.7,0,-12.8,0,0.0,-8.6,0.0,2,38.6,0,bearish,1,27.8,3,2.0,25.3,0.0,5.4,0,2.0,2,13.6,0.0,-72.8,2.0,906.65,961.62,1039.84,38.6
GODREJCP,7.0,1.0,3,2.0,1.0,1,-3.1,0,-10.8,0,0.0,-9.9,1.0,2,36.0,0,bearish,1,17.8,3,2.0,20.9,0.0,6.2,0,2.0,1,3.7,0.0,-11.8,1.0,1022.0,1054.21,1145.37,36.0
SATIA,7.0,3.0,2,2.0,0.0,2,0.4,1,-9.7,0,0.0,-4.5,3.0,1,30.2,0,bearish,1,20.4,2,1.0,34.1,1.0,26.1,0,2.0,0,-12.6,0.0,-65.0,0.0,64.07,63.83,70.98,30.2
KELLTONTEC,7.0,1.0,4,1.0,1.0,1,-3.9,0,-24.2,0,0.0,-6.7,1.0,3,41.5,0,bearish,1,28.1,4,0.0,54.4,1.0,16.2,0,1.0,0,-34.6,1.0,29.9,1.0,15.1,15.71,19.92,41.5
MARUTI,7.0,1.0,4,2.0,0.0,1,-1.6,0,-12.8,0,0.0,-2.9,1.0,3,42.2,0,bearish,1,9.4,4,2.0,25.4,0.0,9.0,0,2.0,0,-18.3,0.0,-24.2,0.0,12956.0,13172.68,14861.58,42.2
PARAGMILK,7.0,2.0,3,2.0,0.0,2,1.9,0,-17.1,0,0.0,-6.8,2.0,2,37.4,0,bearish,1,21.3,3,1.0,43.2,1.0,20.3,0,2.0,0,-17.5,0.0,-57.0,0.0,214.03,209.95,258.14,37.4
CENTRALBK,7.0,2.0,3,2.0,0.0,1,-2.1,1,-5.7,0,0.0,-6.3,2.0,2,37.0,0,bearish,1,23.9,3,2.0,15.5,0.0,10.5,0,2.0,0,-20.1,0.0,-33.0,0.0,34.04,34.76,36.09,37.0
KALAMANDIR,7.0,1.0,5,0.0,1.0,1,-0.4,0,-28.3,0,0.0,-1.6,1.0,4,49.6,0,bearish,1,12.1,5,0.0,54.3,0.0,13.4,0,0.0,1,1.5,0.0,-55.0,1.0,101.82,102.18,141.98,49.6
JUBLFOOD,7.0,2.0,3,2.0,0.0,2,2.0,0,-14.7,0,0.0,-4.1,2.0,3,44.4,0,bearish,0,82.3,3,1.0,34.1,1.0,15.7,0,2.0,0,-36.8,0.0,3.2,0.0,473.0,463.6,554.35,44.4
THOMASCOOK,7.0,1.0,6,0.0,0.0,1,-3.8,0,-31.3,0,0.0,-12.9,1.0,4,46.7,0,bearish,2,39.2,6,0.0,50.4,0.0,7.9,0,0.0,0,-6.5,0.0,-39.4,0.0,93.18,96.89,135.59,46.7
ABFRL,7.0,2.0,4,1.0,0.0,2,1.2,0,-15.1,0,0.0,-3.9,2.0,3,42.4,0,bearish,1,22.6,4,0.0,78.9,1.0,16.7,0,1.0,0,-24.1,0.0,-72.2,0.0,62.46,61.72,73.6,42.4
HAPPSTMNDS,7.0,1.0,4,1.0,1.0,1,-4.6,0,-22.5,0,0.0,-4.4,1.0,3,42.1,0,bearish,1,22.8,4,1.0,46.0,0.0,9.2,0,1.0,0,-82.3,1.0,38.6,1.0,360.55,377.75,465.02,42.1
GODREJPROP,7.0,2.0,3,2.0,0.0,2,1.1,0,-10.9,0,0.0,-6.4,2.0,2,35.7,0,bearish,1,23.1,3,1.0,31.6,1.0,19.6,0,2.0,0,-14.6,0.0,-48.6,0.0,1715.4,1697.52,1925.55,35.7
RELAXO,7.0,1.0,4,2.0,0.0,1,-0.4,0,-25.4,0,0.0,-5.0,1.0,2,38.0,0,bearish,2,34.0,4,1.0,44.7,1.0,22.9,0,2.0,0,-29.1,0.0,-63.0,0.0,290.75,291.96,389.58,38.0
BDL,7.0,2.0,3,2.0,0.0,1,-0.8,1,-8.5,0,0.0,-5.0,2.0,2,38.1,0,bearish,1,18.9,3,1.0,37.2,1.0,20.8,0,2.0,0,-23.9,0.0,-47.2,0.0,1311.8,1322.39,1434.24,38.1
VESUVIUS,7.0,2.0,3,2.0,0.0,1,-1.4,1,-2.9,0,0.0,-4.5,2.0,2,35.7,0,bearish,1,18.0,3,2.0,25.7,0.0,11.6,0,2.0,0,-11.7,0.0,-52.1,0.0,478.75,485.46,492.84,35.7
CYIENT,7.0,2.0,1,2.0,2.0,2,3.5,0,-15.6,0,0.0,-5.8,2.0,1,67.5,0,bearish,0,74.9,1,1.0,32.6,1.0,20.7,0,2.0,2,10.1,0.0,-21.7,2.0,905.85,875.18,1073.69,67.5
CYIENT,7.0,2.0,1,2.0,2.0,2,3.5,0,-15.6,0,0.0,-5.8,2.0,1,67.5,0,bearish,0,74.9,1,1.0,32.6,1.0,20.7,0,2.0,2,10.1,0.0,-21.7,2.0,905.85,875.18,1073.69,67.5
KCP,7.0,2.0,2,3.0,0.0,2,2.2,0,-10.9,0,0.0,-9.3,2.0,1,33.5,0,bearish,1,14.4,2,2.0,29.8,1.0,28.9,0,3.0,0,-34.3,0.0,-57.4,0.0,161.18,157.76,180.91,33.5
VOLTAS,7.0,2.0,3,2.0,0.0,1,-4.9,1,-6.1,0,0.0,-12.1,2.0,1,30.4,0,bearish,2,38.3,3,2.0,17.7,0.0,9.8,0,2.0,0,-10.4,0.0,14.1,0.0,1302.6,1370.36,1387.35,30.4
TAJGVK,7.0,1.0,5,1.0,0.0,1,-3.2,0,-19.2,0,0.0,-8.0,1.0,4,45.4,0,bearish,1,25.1,5,1.0,39.8,0.0,9.7,0,1.0,0,-23.7,0.0,-40.9,0.0,308.65,318.9,382.02,45.4
OMAXE,7.0,2.0,3,2.0,0.0,1,-3.1,1,-6.1,0,0.0,-8.6,2.0,2,36.7,0,bearish,1,2.6,3,1.0,34.0,1.0,19.7,0,2.0,0,-16.3,0.0,-29.9,0.0,74.81,77.18,79.65,36.7
ULTRACEMCO,7.0,2.0,3,2.0,0.0,1,-1.1,1,-5.6,0,0.0,-6.8,2.0,2,38.8,0,bearish,1,11.3,3,2.0,13.3,0.0,10.1,0,2.0,0,-9.5,0.0,2.5,0.0,11368.0,11495.82,12044.72,38.8
PRSMJOHNSN,7.0,2.0,1,2.0,2.0,1,-1.8,1,-9.3,0,0.0,-7.1,2.0,0,27.6,0,bearish,1,17.1,1,2.0,28.9,0.0,6.7,0,2.0,2,13.2,0.0,-71.6,2.0,125.14,127.42,137.94,27.6
ULTRACEMCO,7.0,2.0,3,2.0,0.0,1,-1.1,1,-5.6,0,0.0,-6.8,2.0,2,38.8,0,bearish,1,11.3,3,2.0,13.3,0.0,10.1,0,2.0,0,-9.5,0.0,2.5,0.0,11368.0,11495.82,12044.72,38.8
CSBBANK,7.0,1.0,3,1.0,2.0,1,-3.6,0,-10.6,0,0.0,-9.3,1.0,2,35.3,0,bearish,1,26.9,3,1.0,37.4,0.0,10.7,0,1.0,2,11.4,0.0,-55.9,2.0,359.65,373.09,402.41,35.3
MOIL,7.0,2.0,2,3.0,0.0,1,-1.1,1,-9.7,0,0.0,-8.6,2.0,1,30.4,0,bearish,1,9.5,2,2.0,25.2,1.0,23.0,0,3.0,0,-53.0,0.0,-37.8,0.0,298.1,301.49,330.01,30.4
SBIN,7.0,3.0,1,3.0,0.0,0,-8.5,1,-1.2,2,0.0,-12.5,3.0,0,24.3,0,bearish,1,9.6,1,2.0,21.8,1.0,24.0,0,3.0,0,-3.6,0.0,-3.3,0.0,948.8,1037.49,960.49,24.3
JUBLFOOD,7.0,2.0,3,2.0,0.0,2,2.0,0,-14.7,0,0.0,-4.1,2.0,3,44.4,0,bearish,0,82.3,3,1.0,34.1,1.0,15.7,0,2.0,0,-36.8,0.0,3.2,0.0,473.0,463.6,554.35,44.4
PVP,6.5,0.0,1,2.5,3.0,0,-10.8,0,-12.9,0,0.0,-19.5,0.0,0,15.2,0,bearish,1,7.7,1,1.0,34.5,1.5,41.1,0,2.5,3,34.9,0.0,-84.5,3.0,25.83,28.96,29.66,15.2
TATAINVEST,6.0,3.0,1,2.0,0.0,2,0.6,1,-6.9,0,0.0,-9.3,3.0,0,26.5,0,bearish,1,6.4,1,1.0,44.0,1.0,23.1,0,2.0,0,-32.0,0.0,-60.7,0.0,663.55,659.71,712.42,26.5
KIRIINDUS,6.0,1.0,3,2.0,0.0,1,-1.8,0,-23.0,0,0.0,-7.5,1.0,2,37.0,0,bearish,1,22.8,3,1.0,49.9,1.0,17.0,0,2.0,0,-43.8,0.0,-44.1,0.0,390.4,397.51,506.79,37.0
MRPL,6.0,3.0,1,2.0,0.0,0,-17.4,1,-6.4,2,0.0,-22.2,3.0,0,26.1,0,bearish,1,3.9,1,1.0,31.3,1.0,23.5,0,2.0,0,-33.5,0.0,-59.4,0.0,145.57,176.16,155.49,26.1
CANBK,6.0,2.0,1,3.0,0.0,0,-7.1,1,-6.7,1,0.0,-13.1,2.0,0,28.6,0,bearish,1,14.0,1,2.0,22.6,1.0,23.5,0,3.0,0,-3.2,0.0,-17.5,0.0,126.15,135.83,135.19,28.6
KRBL,6.0,2.0,2,2.0,0.0,2,0.4,0,-11.0,0,0.0,-5.5,2.0,1,31.9,0,bearish,1,16.6,2,1.0,32.1,1.0,21.3,0,2.0,0,-5.7,0.0,3.5,0.0,333.2,331.85,374.38,31.9
TRIDENT,6.0,2.0,2,2.0,0.0,1,-1.6,1,-9.5,0,0.0,-6.4,2.0,1,32.3,0,bearish,1,17.7,2,2.0,28.3,0.0,11.2,0,2.0,0,-45.1,0.0,-31.0,0.0,24.44,24.84,27.0,32.3
TRIDENT,6.0,2.0,2,2.0,0.0,1,-1.6,1,-9.5,0,0.0,-6.4,2.0,1,32.3,0,bearish,1,17.7,2,2.0,28.3,0.0,11.2,0,2.0,0,-45.1,0.0,-31.0,0.0,24.44,24.84,27.0,32.3
JMFINANCIL,6.0,1.0,3,2.0,0.0,1,-0.8,0,-12.9,0,0.0,-3.6,1.0,2,38.1,0,bearish,1,10.1,3,1.0,34.8,1.0,15.6,0,2.0,0,-15.6,0.0,-26.1,0.0,129.05,130.11,148.23,38.1
NEWGEN,6.0,1.0,4,0.0,1.0,1,-0.4,0,-36.5,0,0.0,-2.8,1.0,3,43.7,0,bearish,1,12.7,4,0.0,66.4,0.0,15.0,0,0.0,1,6.9,0.0,-62.4,1.0,461.15,463.17,725.96,43.7
ZENSARTECH,6.0,0.0,3,1.0,2.0,0,-8.9,0,-27.8,0,0.0,-14.8,0.0,1,34.8,0,bearish,2,35.6,3,1.0,43.8,0.0,5.1,0,1.0,2,12.5,0.0,-17.7,2.0,493.9,542.21,684.15,34.8
PCBL,6.0,1.0,3,2.0,0.0,1,-0.5,0,-14.9,0,0.0,-5.7,1.0,2,36.5,0,bearish,1,21.3,3,1.0,36.4,1.0,20.8,0,2.0,0,-56.7,0.0,-38.4,0.0,273.55,274.83,321.53,36.5
TIMETECHNO,6.0,1.0,3,1.0,1.0,1,-2.6,0,-13.3,0,0.0,-10.3,1.0,2,37.1,0,bearish,1,12.9,3,1.0,30.7,0.0,12.1,0,1.0,1,1.1,0.0,-7.1,1.0,172.69,177.32,199.13,37.1
IRCON,6.0,2.0,2,2.0,0.0,2,0.6,0,-10.8,0,0.0,-9.4,2.0,1,32.1,0,bearish,1,16.0,2,1.0,36.7,1.0,23.1,0,2.0,0,-40.7,0.0,-56.4,0.0,140.9,140.02,157.98,32.1
RELIANCE,5.0,2.0,1,2.0,0.0,1,-4.1,1,-7.5,0,0.0,-2.9,2.0,0,22.3,0,bearish,1,2.8,1,2.0,17.9,0.0,2.5,0,2.0,0,-5.7,0.0,13.8,0.0,1322.7,1378.69,1430.48,22.3
KALYANKJIL,5.0,0.0,1,1.0,3.0,0,-13.8,0,-25.4,0,0.0,-16.9,0.0,0,22.9,0,bearish,1,7.8,1,1.0,44.1,0.0,2.1,0,1.0,3,38.2,0.0,-56.4,3.0,344.15,399.08,461.48,22.9
LEMONTREE,5.0,1.0,2,1.0,1.0,1,-1.1,0,-22.4,0,0.0,-9.5,1.0,1,33.9,0,bearish,1,25.7,2,1.0,38.6,0.0,11.4,0,1.0,0,-51.0,1.0,20.1,1.0,111.01,112.26,143.11,33.9
INDIGO,5.0,1.0,3,1.0,0.0,1,-2.9,0,-18.1,0,0.0,-9.9,1.0,2,39.7,0,bearish,1,20.0,3,1.0,32.1,0.0,8.6,0,1.0,0,-33.9,0.0,-50.0,0.0,4230.3,4356.53,5165.34,39.7
MAZDOCK,5.0,2.0,1,2.0,0.0,1,-2.3,1,-6.3,0,0.0,-10.4,2.0,0,23.2,0,bearish,1,9.6,1,1.0,35.4,1.0,17.8,0,2.0,0,-30.7,0.0,-54.8,0.0,2422.8,2480.2,2584.66,23.2
MAZDOCK,5.0,2.0,1,2.0,0.0,1,-2.3,1,-6.3,0,0.0,-10.4,2.0,0,23.2,0,bearish,1,9.6,1,1.0,35.4,1.0,17.8,0,2.0,0,-30.7,0.0,-54.8,0.0,2422.8,2480.2,2584.66,23.2
RECLTD,5.0,2.0,1,2.0,0.0,1,-3.3,1,-5.7,0,0.0,-12.8,2.0,0,21.2,0,bearish,1,7.3,1,2.0,17.8,0.0,9.9,0,2.0,0,-21.9,0.0,-59.8,0.0,334.25,345.63,354.54,21.2
RECLTD,5.0,2.0,1,2.0,0.0,1,-3.3,1,-5.7,0,0.0,-12.8,2.0,0,21.2,0,bearish,1,7.3,1,2.0,17.8,0.0,9.9,0,2.0,0,-21.9,0.0,-59.8,0.0,334.25,345.63,354.54,21.2
IRCTC,5.0,1.0,3,1.0,0.0,1,-1.7,0,-17.6,0,0.0,-5.1,1.0,2,39.5,0,bearish,1,11.7,3,1.0,34.5,0.0,7.5,0,1.0,0,-19.8,0.0,-5.6,0.0,529.8,539.23,642.94,39.5
PETRONET,5.0,2.0,1,2.0,0.0,1,-2.6,1,-4.2,0,0.0,-5.2,2.0,0,29.1,0,bearish,1,18.6,1,2.0,18.8,0.0,12.7,0,2.0,0,-39.6,0.0,-51.6,0.0,265.15,272.35,276.86,29.1
PETRONET,5.0,2.0,1,2.0,0.0,1,-2.6,1,-4.2,0,0.0,-5.2,2.0,0,29.1,0,bearish,1,18.6,1,2.0,18.8,0.0,12.7,0,2.0,0,-39.6,0.0,-51.6,0.0,265.15,272.35,276.86,29.1
FINPIPE,5.0,1.0,2,2.0,0.0,1,-3.6,0,-10.1,0,0.0,-5.3,1.0,1,31.6,0,bearish,1,28.0,2,2.0,29.1,0.0,12.4,0,2.0,0,-50.1,0.0,-43.8,0.0,165.86,172.06,184.4,31.6
CDSL,5.0,1.0,3,1.0,0.0,1,-2.9,0,-15.6,0,0.0,-8.5,1.0,1,32.0,0,bearish,2,38.9,3,1.0,33.3,0.0,8.3,0,1.0,0,-1.1,0.0,-23.5,0.0,1209.5,1245.28,1433.81,32.0
SUNTECK,5.0,0.0,1,1.0,3.0,0,-9.2,0,-24.6,0,0.0,-17.3,0.0,0,24.6,0,bearish,1,1.4,1,1.0,38.0,0.0,9.3,0,1.0,3,89.2,0.0,-78.9,3.0,295.9,325.72,392.29,24.6
JUSTDIAL,5.0,1.0,3,1.0,0.0,1,-2.7,0,-26.0,0,0.0,-5.1,1.0,2,35.4,0,bearish,1,13.8,3,1.0,46.3,0.0,7.7,0,1.0,0,-29.8,0.0,-56.5,0.0,517.3,531.51,699.03,35.4
JYOTHYLAB,5.0,0.0,1,1.0,3.0,0,-8.2,0,-23.8,0,0.0,-17.2,0.0,0,9.9,0,bearish,1,1.3,1,1.0,40.9,0.0,8.8,0,1.0,3,22.5,0.0,-32.1,3.0,213.5,232.49,280.34,9.9
NIITLTD,4.5,1.0,2,1.5,0.0,1,-2.2,0,-28.2,0,0.0,-10.4,1.0,1,33.9,0,bearish,1,18.1,2,0.0,55.8,1.5,30.5,0,1.5,0,-32.1,0.0,-17.7,0.0,63.93,65.38,89.0,33.9
BSOFT,4.0,0.0,1,1.0,2.0,0,-11.2,0,-16.6,0,0.0,-17.3,0.0,0,23.4,0,bearish,1,19.2,1,1.0,32.3,0.0,4.7,0,1.0,0,-4.8,2.0,155.0,2.0,320.9,361.4,384.98,23.4
TBZ,4.0,0.0,2,2.0,0.0,0,-5.8,0,-21.9,0,0.0,-14.3,0.0,1,32.0,0,bearish,1,11.5,2,1.0,39.7,1.0,17.5,0,2.0,0,-9.1,0.0,-44.8,0.0,129.89,137.89,166.3,32.0
RENUKA,4.0,0.0,1,1.0,2.0,0,-10.9,0,-14.0,0,0.0,-17.4,0.0,0,20.9,0,bearish,1,8.1,1,1.0,34.2,0.0,3.3,0,1.0,2,10.8,0.0,-34.0,2.0,23.6,26.48,27.44,20.9
PATELENG,4.0,1.0,1,2.0,0.0,1,-2.1,0,-19.0,0,0.0,-8.8,1.0,0,26.2,0,bearish,1,20.3,1,1.0,44.3,1.0,17.5,0,2.0,0,-6.6,0.0,-53.7,0.0,25.86,26.41,31.91,26.2
ZUARI,4.0,1.0,1,2.0,0.0,1,-2.2,0,-20.4,0,0.0,-12.1,1.0,0,26.3,0,bearish,1,10.4,1,1.0,45.4,1.0,22.6,0,2.0,0,-18.7,0.0,-26.7,0.0,214.71,219.59,269.82,26.3
NETWORK18,4.0,1.0,2,1.0,0.0,1,-1.8,0,-25.6,0,0.0,-11.3,1.0,1,30.7,0,bearish,1,25.5,2,0.0,50.7,1.0,17.5,0,1.0,0,-28.3,0.0,-20.2,0.0,32.18,32.76,43.28,30.7
ESCORTS,4.0,0.0,1,1.0,2.0,0,-7.4,0,-17.1,0,0.0,-13.4,0.0,0,23.4,0,bearish,1,4.0,1,1.0,30.5,0.0,6.7,0,1.0,1,1.2,1.0,39.1,2.0,2890.8,3121.58,3485.36,23.4
SBICARD,4.0,0.0,1,1.0,2.0,0,-6.7,0,-21.8,0,0.0,-9.1,0.0,0,26.0,0,bearish,1,24.4,1,1.0,39.1,0.0,1.9,0,1.0,2,10.5,0.0,-69.6,2.0,623.8,668.58,797.33,26.0
ABREL,4.0,1.0,1,2.0,0.0,1,-2.6,0,-19.2,0,0.0,-10.1,1.0,0,25.9,0,bearish,1,11.4,1,1.0,49.9,1.0,17.7,0,2.0,0,-10.0,0.0,-62.9,0.0,1271.2,1305.54,1572.38,25.9
HATHWAY,4.0,1.0,1,2.0,0.0,1,-2.7,0,-18.2,0,0.0,-8.7,1.0,0,27.9,0,bearish,1,20.3,1,1.0,43.3,1.0,16.3,0,2.0,0,-36.3,0.0,12.3,0.0,10.19,10.47,12.46,27.9
PNB,4.0,0.0,1,2.0,1.0,0,-7.8,0,-12.3,0,0.0,-11.7,0.0,0,27.3,0,bearish,1,21.1,1,2.0,25.0,0.0,5.3,0,2.0,1,9.4,0.0,-31.5,1.0,101.3,109.84,115.56,27.3
STARCEMENT,4.0,1.0,2,1.0,0.0,1,-3.0,0,-10.5,0,0.0,-8.4,1.0,1,33.3,0,bearish,1,6.0,2,1.0,31.5,0.0,7.2,0,1.0,0,-10.7,0.0,-14.1,0.0,210.72,217.19,235.37,33.3
SBICARD,4.0,0.0,1,1.0,2.0,0,-6.7,0,-21.8,0,0.0,-9.1,0.0,0,26.0,0,bearish,1,24.4,1,1.0,39.1,0.0,1.9,0,1.0,2,10.5,0.0,-69.6,2.0,623.8,668.58,797.33,26.0
RAJESHEXPO,3.5,1.0,1,1.5,0.0,1,-1.7,0,-33.8,0,0.0,-11.6,1.0,0,23.8,0,bearish,1,18.8,1,0.0,54.4,1.5,34.9,0,1.5,0,-52.7,0.0,-56.2,0.0,108.4,110.25,163.84,23.8
RAJESHEXPO,3.5,1.0,1,1.5,0.0,1,-1.7,0,-33.8,0,0.0,-11.6,1.0,0,23.8,0,bearish,1,18.8,1,0.0,54.4,1.5,34.9,0,1.5,0,-52.7,0.0,-56.2,0.0,108.4,110.25,163.84,23.8
NCC,3.0,1.0,1,1.0,0.0,1,-2.4,0,-15.3,0,0.0,-9.1,1.0,0,26.6,0,bearish,1,2.9,1,1.0,37.8,0.0,14.7,0,1.0,0,-3.1,0.0,-24.0,0.0,149.07,152.67,175.98,26.6
HIMATSEIDE,3.0,0.0,1,0.0,2.0,0,-9.7,0,-30.2,0,0.0,-18.1,0.0,0,23.0,0,bearish,1,15.1,1,0.0,54.5,0.0,6.3,0,0.0,2,14.9,0.0,-49.8,2.0,76.52,84.72,109.64,23.0
UBL,3.0,0.0,1,1.0,1.0,0,-10.8,0,-19.0,0,0.0,-10.1,0.0,0,15.8,0,bearish,1,7.7,1,1.0,36.5,0.0,0.8,0,1.0,1,3.7,0.0,-49.2,1.0,1348.3,1511.86,1665.27,15.8
UBL,3.0,0.0,1,1.0,1.0,0,-10.8,0,-19.0,0,0.0,-10.1,0.0,0,15.8,0,bearish,1,7.7,1,1.0,36.5,0.0,0.8,0,1.0,1,3.7,0.0,-49.2,1.0,1348.3,1511.86,1665.27,15.8
SYMPHONY,3.0,0.0,1,1.0,1.0,0,-6.7,0,-16.8,0,0.0,-9.2,0.0,0,19.1,0,bearish,1,5.3,1,1.0,43.7,0.0,6.4,0,1.0,1,1.9,0.0,0.5,1.0,728.65,780.68,875.66,19.1
ACC,3.0,1.0,1,1.0,0.0,1,-2.7,0,-19.5,0,0.0,-6.0,1.0,0,29.0,0,bearish,1,25.8,1,1.0,33.0,0.0,8.6,0,1.0,0,-3.3,0.0,-56.1,0.0,1359.3,1397.31,1687.76,29.0
WHIRLPOOL,3.0,1.0,1,1.0,0.0,1,-3.4,0,-19.3,0,0.0,-8.8,1.0,0,16.3,0,bearish,1,13.2,1,1.0,42.1,0.0,12.3,0,1.0,0,-0.2,0.0,-66.7,0.0,849.85,879.77,1053.11,16.3
WHIRLPOOL,3.0,1.0,1,1.0,0.0,1,-3.4,0,-19.3,0,0.0,-8.8,1.0,0,16.3,0,bearish,1,13.2,1,1.0,42.1,0.0,12.3,0,1.0,0,-0.2,0.0,-66.7,0.0,849.85,879.77,1053.11,16.3
JKTYRE,3.0,0.0,1,2.0,0.0,0,-9.9,0,-14.2,0,0.0,-13.6,0.0,0,27.1,0,bearish,1,17.4,1,1.0,39.8,1.0,18.5,0,2.0,0,-25.3,0.0,-4.8,0.0,368.6,409.22,429.69,27.1
SUPREMEIND,3.0,0.0,1,2.0,0.0,0,-7.7,0,-10.6,0,0.0,-6.6,0.0,0,22.3,0,bearish,1,5.8,1,2.0,26.7,0.0,8.3,0,2.0,0,-12.7,0.0,-35.4,0.0,3446.3,3732.34,3855.53,22.3
NAUKRI,2.0,0.0,1,1.0,0.0,0,-5.3,0,-24.2,0,0.0,-11.3,0.0,0,28.8,0,bearish,1,23.2,1,1.0,39.4,0.0,2.1,0,1.0,0,-12.9,0.0,-13.5,0.0,933.65,985.86,1231.12,28.8
NAUKRI,2.0,0.0,1,1.0,0.0,0,-5.3,0,-24.2,0,0.0,-11.3,0.0,0,28.8,0,bearish,1,23.2,1,1.0,39.4,0.0,2.1,0,1.0,0,-12.9,0.0,-13.5,0.0,933.65,985.86,1231.12,28.8
ORIENTCEM,2.0,1.0,1,0.0,0.0,1,-2.5,0,-25.2,0,0.0,-6.7,1.0,0,28.4,0,bearish,1,15.6,1,0.0,62.2,0.0,10.8,0,0.0,0,-30.3,0.0,-53.5,0.0,135.53,139.04,181.21,28.4
